code,name,area
600833,第一医药,上海
600958,东方证券,上海
002116,中国海诚,上海
300336,新文化,上海
600895,张江高科,上海
600675,中华企业,上海
600676,交运股份,上海
600210,紫江企业,上海
600679,金山开发,上海
600680,上海普天,上海
600196,复星医药,上海
600688,上海石化,上海
600689,上海三毛,上海
600193,创兴资源,上海
600692,亚通股份,上海
002346,柘中股份,上海
600695,绿庭投资,上海
300378,鼎捷软件,上海
600696,匹凸匹,上海
300380,安硕信息,上海
002158,汉钟精机,上海
600171,上海贝岭,上海
600708,海博股份,上海
002328,新朋股份,上海
002162,斯米克,上海
300398,飞凯材料,上海
600665,天地源,上海
600170,上海建工,上海
300330,华虹计通,上海
600663,陆家嘴,上海
300230,永利带业,上海
600315,上海家化,上海
600647,同达创业,上海
300236,上海新阳,上海
300245,天玑科技,上海
600648,外高桥,上海
300253,卫宁软件,上海
300262,巴安水务,上海
600019,宝钢股份,上海
300272,开能环保,上海
601021,春秋航空,上海
600650,锦江投资,上海
300286,安科瑞,上海
600651,飞乐音响,上海
600284,浦东建设,上海
600652,游久游戏,上海
600278,东方创业,上海
600653,申华控股,上海
600272,开开实业,上海
600654,中安消,上海
002401,中海科技,上海
600655,豫园商城,上海
600661,新南洋,上海
600662,强生控股,上海
300326,凯利泰,上海
300327,中颖电子,上海
002324,普利特,上海
600151,航天机电,上海
600851,海欣股份,上海
300469,信息发展,上海
600825,新华传媒,上海
600824,益民集团,上海
600823,世茂股份,上海
600822,上海物贸,上海
600094,大名城,上海
002269,美邦服饰,上海
600820,隧道股份,上海
600819,耀皮玻璃,上海
600088,中视传媒,上海
600818,中路股份,上海
300483,沃施股份,上海
600817,ST宏盛,上海
600816,安信信托,上海
600081,东风科技,上海
600000,浦发银行,上海
002252,上海莱士,上海
600073,上海梅林,上海
600072,钢构工程,上海
600009,上海机场,上海
600061,国投安信,上海
600767,运盛医疗,上海
600050,中国联通,上海
600026,中海发展,上海
600018,上港集团,上海
000668,荣丰控股,上海
002278,神开股份,上海
600826,兰生股份,上海
600827,百联股份,上海
600150,中国船舶,上海
002178,延华智能,上海
600119,长江投资,上海
600850,华东电脑,上海
002184,海得控制,上海
600848,自仪股份,上海
600846,同济科技,上海
600845,宝信软件,上海
600732,*ST新梅,上海
600115,东方航空,上海
300442,普丽盛,上海
600741,华域汽车,上海
601211,国泰君安,上海
600844,丹化科技,上海
600841,上柴股份,上海
600104,上汽集团,上海
600838,上海九百,上海
002195,二三四五,上海
600837,海通证券,上海
600836,界龙实业,上海
600748,上实发展,上海
300462,华铭智能,上海
600835,上海机电,上海
600834,申通地铁,上海
600754,锦江股份,上海
600097,开创国际,上海
600843,上工申贝,上海
000863,三湘股份,上海
600649,城投控股,上海
601231,环旭电子,上海
603020,爱普股份,上海
002568,百润股份,上海
603012,创力集团,上海
600611,大众交通,上海
603009,北特科技,上海
603006,联明股份,上海
603003,龙宇燃油,上海
002565,上海绿新,上海
600612,老凤祥,上海
300039,上海凯宝,上海
002561,徐家汇,上海
600613,神奇制药,上海
600614,鼎立股份,上海
600615,丰华股份,上海
600616,金枫酒业,上海
601968,宝钢包装,上海
600420,现代制药,上海
600618,氯碱化工,上海
300059,东方财富,上海
300061,康耐特,上海
600320,振华重工,上海
300067,安诺其,上海
600620,天宸股份,上海
600621,华鑫股份,上海
600622,嘉宝集团,上海
600623,双钱股份,上海
600624,复旦复华,上海
600610,中毅达,上海
603022,新通联,上海
300017,网宿科技,上海
603030,全筑股份,上海
600555,九龙山,上海
600530,交大昂立,上海
603918,金桥信息,上海
603899,晨光文具,上海
002669,康达新材,上海
603885,吉祥航空,上海
600517,置信电气,上海
600508,上海能源,上海
600503,华丽家族,上海
603729,龙韵股份,上海
603718,海利生物,上海
002636,金安国纪,上海
002706,良信电器,上海
601872,招商轮船,上海
600500,中化国际,上海
002022,科华生物,上海
600597,光明乳业,上海
002028,思源电气,上海
002605,姚记扑克,上海
600601,方正科技,上海
600602,仪电电子,上海
600604,市北高新,上海
603128,华贸物流,上海
300008,上海佳豪,上海
600605,汇通能源,上海
603108,润达医疗,上海
600606,绿地控股,上海
600608,*ST沪科,上海
600490,鹏欣资源,上海
601866,中海集运,上海
600619,海立股份,上海
600626,申达股份,上海
600637,东方明珠,上海
300168,万达信息,上海
300170,汉得信息,上海
601616,广电电气,上海
601607,上海医药,上海
300171,东富龙,上海
601601,中国太保,上海
300074,华平股份,上海
300180,华峰超纤,上海
600639,浦东金桥,上海
600636,三爱富,上海
600640,号百控股,上海
600641,万业企业,上海
601519,大智慧,上海
600642,申能股份,上海
600643,爱建股份,上海
002454,松芝股份,上海
002451,摩恩电气,上海
300222,科大智能,上海
601328,交通银行,上海
300225,金力泰,上海
300226,上海钢联,上海
002058,威 尔 泰,上海
002486,嘉麟杰,上海
600638,新黄浦,上海
300153,科泰电源,上海
002527,新时达,上海
600628,新世界,上海
600629,棱光实业,上海
601788,光大证券,上海
002506,协鑫集成,上海
300126,锐奇股份,上海
601727,上海电气,上海
600630,龙头股份,上海
300129,泰胜风能,上海
600021,上海电力,上海
600634,中技控股,上海
600635,大众公用,上海
002114,罗平锌电,云南
002265,西仪股份,云南
600497,驰宏锌锗,云南
300142,沃森生物,云南
002059,云南旅游,云南
000960,锡业股份,云南
601099,太平洋,云南
000878,云南铜业,云南
002428,云南锗业,云南
600806,昆明机床,云南
000560,昆百大Ａ,云南
600792,云煤能源,云南
000903,云内动力,云南
002727,一心堂,云南
000538,云南白药,云南
002200,云投生态,云南
600883,博闻科技,云南
600096,云天化,云南
600239,云南城投,云南
600265,ST景谷,云南
000807,云铝股份,云南
600995,文山电力,云南
000667,美好集团,云南
002033,丽江旅游,云南
600459,贵研铂业,云南
600422,昆药集团,云南
000948,南天信息,云南
002750,龙津药业,云南
002053,云南盐化,云南
600725,云维股份,云南
000780,平庄能源,内蒙
600191,华资实业,内蒙
600328,兰太实业,内蒙
600291,西水股份,内蒙
600277,亿利能源,内蒙
600111,北方稀土,内蒙
600262,北方股份,内蒙
002128,露天煤业,内蒙
600091,*ST明科,内蒙
600295,鄂尔多斯,内蒙
600201,金宇集团,内蒙
000975,银泰资源,内蒙
000683,远兴能源,内蒙
300049,福瑞股份,内蒙
600887,伊利股份,内蒙
000611,*ST蒙发,内蒙
600967,北方创业,内蒙
601216,内蒙君正,内蒙
600010,包钢股份,内蒙
002688,金河生物,内蒙
600863,内蒙华电,内蒙
300239,东宝生物,内蒙
000426,兴业矿业,内蒙
600988,赤峰黄金,内蒙
300355,蒙草抗旱,内蒙
300150,世纪瑞尔,北京
300156,神雾环保,北京
300157,恒泰艾普,北京
300166,东方国信,北京
600028,中国石化,北京
002504,弘高创意,北京
300117,嘉寓股份,北京
300104,乐视网,北京
300079,数码视讯,北京
300075,数字政通,北京
300073,当升科技,北京
300072,三聚环保,北京
300139,福星晓程,北京
300182,捷成股份,北京
002462,嘉事堂,北京
600386,北巴传媒,北京
300251,光线传媒,北京
600299,蓝星新材,北京
002665,首航节能,北京
002439,启明星辰,北京
300231,银信科技,北京
300229,拓尔思,北京
300223,北京君正,北京
600361,华联综超,北京
002467,二六三,北京
600372,中航电子,北京
300213,佳讯飞鸿,北京
002065,东华软件,北京
600376,首开股份,北京
300212,易华录,北京
300204,舒泰神,北京
300200,高盟新材,北京
300071,华谊嘉信,北京
300191,潜能恒信,北京
002066,瑞泰科技,北京
300070,碧水源,北京
600405,动力源,北京
002051,中工国际,北京
002755,东方新星,北京
002612,朗姿股份,北京
002739,万达院线,北京
600463,空港股份,北京
002738,中矿资源,北京
600485,信威集团,北京
600489,中金黄金,北京
002721,金一文化,北京
002599,盛通股份,北京
002713,东易日盛,北京
002701,奥瑞金,北京
002642,荣之联,北京
600511,国药股份,北京
002649,博彦科技,北京
002657,中科金财,北京
000996,中国中期,北京
600536,中国软件,北京
002658,雪迪龙,北京
002707,众信旅游,北京
002771,真视通,北京
300002,神州泰岳,北京
300003,乐普医疗,北京
300065,海兰信,北京
300271,华宇软件,北京
600410,华胜天成,北京
300058,蓝色光标,北京
300055,万邦达,北京
002554,惠博普,北京
300048,合康变频,北京
300045,华力创通,北京
300038,梅泰诺,北京
300036,超图软件,北京
300034,钢研高纳,北京
002573,清新环境,北京
600429,三元股份,北京
300016,北陆药业,北京
002038,双鹭药业,北京
600435,北方导航,北京
300011,鼎汉技术,北京
300010,立思辰,北京
300005,探路者,北京
002542,中化岩土,北京
300282,汇冠股份,北京
002410,广联达,北京
300289,利德曼,北京
300444,双杰电气,北京
300431,暴风科技,北京
002186,全 聚 德,北京
600118,中国卫星,北京
300430,诚益通,北京
002306,*ST云网,北京
300419,浩丰科技,北京
600138,中青旅,北京
002310,东方园林,北京
300418,昆仑万维,北京
300406,九强生物,北京
600159,大龙地产,北京
300399,京天利,北京
600161,天坛生物,北京
600166,福田汽车,北京
300392,腾信股份,北京
300386,飞天诚信,北京
300445,康斯特,北京
300449,汉邦高科,北京
300455,康拓红外,北京
300456,耐威科技,北京
600037,歌华有线,北京
600015,华夏银行,北京
600055,华润万东,北京
600056,中国医药,北京
600011,华能国际,北京
600058,五矿发展,北京
600062,华润双鹤,北京
600008,首创股份,北京
300384,三联虹普,北京
600007,中国国贸,北京
600085,同仁堂,北京
300477,合纵科技,北京
002271,东方雨虹,北京
300472,新元科技,北京
002279,久其软件,北京
300465,高伟达,北京
600560,金自天正,北京
600100,同方股份,北京
300485,赛升药业,北京
300383,光环新网,北京
300379,东方通,北京
300374,恒通科技,北京
002383,合众思壮,北京
300332,天壕节能,北京
002385,大北农,北京
300324,旋极信息,北京
002392,北京利尔,北京
300318,博晖创新,北京
300315,掌趣科技,北京
600266,北京城建,北京
600258,首旅酒店,北京
600270,外运发展,北京
300309,吉艾科技,北京
600271,航天信息,北京
300302,同有科技,北京
002405,四维图新,北京
300296,利亚德,北京
300291,华录百纳,北京
600016,民生银行,北京
600288,大恒科技,北京
300312,邦讯技术,北京
300287,飞利信,北京
002373,千方科技,北京
600240,华业资本,北京
300370,安控科技,北京
300369,绿盟科技,北京
002153,石基信息,北京
002350,北京科锐,北京
002151,北斗星通,北京
300367,东方网力,北京
300365,恒华科技,北京
600195,中牧股份,北京
600246,万通地产,北京
300364,中文在线,北京
002362,汉王科技,北京
600198,大唐电信,北京
002368,太极股份,北京
600206,有研新材,北京
300353,东土科技,北京
300352,北信源,北京
002371,七星电子,北京
300344,太空板业,北京
002148,北纬通信,北京
600313,农发种业,北京
002662,京威股份,北京
600855,航天长峰,北京
600657,信达地产,北京
600658,电子城,北京
000402,金 融 街,北京
601766,中国中车,北京
601718,际华集团,北京
601669,中国电建,北京
601800,中国交建,北京
601668,中国建筑,北京
601618,中国中冶,北京
601600,中国铝业,北京
601588,北辰实业,北京
601558,华锐风电,北京
000798,中水渔业,北京
601398,工商银行,北京
601628,中国人寿,北京
000786,北新建材,北京
000838,国兴地产,北京
000860,顺鑫农业,北京
601992,金隅股份,北京
601991,大唐发电,北京
601989,中国重工,北京
601988,中国银行,北京
000882,华联股份,北京
601985,中国核电,北京
000839,中信国安,北京
601939,建设银行,北京
601898,中煤能源,北京
601888,中国国旅,北京
000151,中成股份,北京
601886,江河创建,北京
601857,中国石油,北京
601818,光大银行,北京
601908,京运通,北京
601998,中信银行,北京
601390,中国中铁,北京
600723,首商股份,北京
600962,*ST中鲁,北京
600900,长江电力,北京
600890,中房股份,北京
600886,国投电力,北京
600791,京能置业,北京
600871,石化油服,北京
600980,北矿磁材,北京
000603,盛达矿业,北京
600861,北京城乡,北京
000666,经纬纺机,北京
600860,京城股份,北京
000609,绵世股份,北京
600859,王府井,北京
000620,新华联,北京
000605,渤海股份,北京
601336,新华保险,北京
600764,中电广通,北京
000725,京东方Ａ,北京
601288,农业银行,北京
601226,华电重工,北京
601198,东兴证券,北京
600730,中国高科,北京
601186,中国铁建,北京
000758,中色股份,北京
601016,节能风电,北京
601169,北京银行,北京
601117,中国化学,北京
600743,华远地产,北京
601111,中国国航,北京
000729,燕京啤酒,北京
601101,昊华能源,北京
601088,中国神华,北京
601126,四方股份,北京
603000,人民网,北京
000802,北京文化,北京
600582,天地科技,北京
000938,紫光股份,北京
000959,首钢股份,北京
000931,中 关 村,北京
000010,深华新,北京
603123,翠微股份,北京
603698,航天工程,北京
603616,韩建河山,北京
603598,引力传媒,北京
000969,安泰科技,北京
000970,中科三环,北京
603025,大豪科技,北京
600588,用友网络,北京
603818,曲美家居,北京
603979,金诚信,北京
000916,华北高速,北京
600578,京能电力,北京
603588,高能环境,北京
000420,吉林化纤,吉林
002622,永大集团,吉林
600148,长春一东,吉林
600462,石岘纸业,吉林
600881,亚泰集团,吉林
600697,欧亚集团,吉林
002232,启明信息,吉林
000800,一汽轿车,吉林
603099,长白山,吉林
600189,吉林森工,吉林
600110,中科英华,吉林
002118,紫鑫药业,吉林
000030,富奥股份,吉林
600247,*ST成城,吉林
002501,利源精制,吉林
000718,苏宁环球,吉林
600742,一汽富维,吉林
000546,金圆股份,吉林
000545,金浦钛业,吉林
601518,吉林高速,吉林
600215,长春经开,吉林
002566,益盛药业,吉林
300108,双龙股份,吉林
000766,通化金马,吉林
600360,华微电子,吉林
000928,中钢国际,吉林
601929,吉视传媒,吉林
600365,通葡股份,吉林
000661,长春高新,吉林
600432,吉恩镍业,吉林
300396,迪瑞医疗,吉林
000669,金鸿能源,吉林
600856,长百集团,吉林
600333,长春燃气,吉林
000631,顺发恒业,吉林
002338,奥普光电,吉林
000875,吉电股份,吉林
000623,吉林敖东,吉林
000686,东北证券,吉林
600867,通化东宝,吉林
000731,四川美丰,四川
601208,东材科技,四川
002422,科伦药业,四川
601107,四川成渝,四川
603333,明星电缆,四川
000629,攀钢钒钛,四川
300432,富临精工,四川
300463,迈克生物,四川
600505,西昌电力,四川
300434,金石东方,四川
600528,中铁二局,四川
600733,S前锋,四川
300249,依米康,四川
000757,浩物股份,四川
002628,成都路桥,四川
600109,国金证券,四川
300440,运达科技,四川
002629,仁智油服,四川
600839,四川长虹,四川
300414,中光防雷,四川
600137,浪莎股份,四川
600131,岷江水电,四川
002312,三泰控股,四川
600101,明星电力,四川
002190,成飞集成,四川
002258,利尔化学,四川
002630,华西能源,四川
000593,大通燃气,四川
002253,川大智胜,四川
000693,华泽钴镍,四川
600804,鹏博士,四川
300366,创意信息,四川
002246,北化股份,四川
600793,ST宜纸,四川
002357,富临运业,四川
000598,兴蓉环境,四川
600875,东方电气,四川
300362,天保重装,四川
002366,丹甫股份,四川
600880,博瑞传播,四川
000586,汇源通信,四川
002268,卫 士 通,四川
600558,大西洋,四川
002272,川润股份,四川
000710,天兴仪表,四川
002697,红旗连锁,四川
300471,厚普股份,四川
000568,泸州老窖,四川
300470,日机密封,四川
002386,天原集团,四川
600039,四川路桥,四川
002651,利君股份,四川
600828,成商集团,四川
600779,*ST水井,四川
600979,广安爱众,四川
002259,升达林业,四川
600093,禾嘉股份,四川
300467,迅游科技,四川
600139,西部资源,四川
300425,环能科技,四川
000628,高新发展,四川
002480,新筑股份,四川
600331,宏达股份,四川
002539,新都化工,四川
000155,*ST川化,四川
600438,通威股份,四川
600321,国栋建设,四川
300019,硅宝科技,四川
000935,四川双马,四川
000803,金宇车城,四川
000801,四川九洲,四川
002023,海特高新,四川
600678,四川金顶,四川
000810,创维数字,四川
000858,五 粮 液,四川
002497,雅化集团,四川
300092,科新机电,四川
600674,川投能源,四川
300101,振芯科技,四川
300127,银河磁体,四川
600466,蓝光发展,四川
000835,长城动漫,四川
603077,XR和邦生,四川
002143,印纪传媒,四川
002773,康弘药业,四川
600702,沱牌舍得,四川
002749,国光股份,四川
300022,吉峰农机,四川
600691,*ST阳化,四川
600378,天科股份,四川
600644,*ST乐电,四川
000888,峨眉山Ａ,四川
000509,华塑控股,四川
000790,华神集团,四川
300028,金亚科技,四川
000876,新 希 望,四川
600353,旭光股份,四川
000912,*ST天化,四川
000510,*ST金路,四川
002466,天齐锂业,四川
600391,成发科技,四川
600787,中储股份,天津
600800,天津磁卡,天津
600874,创业环保,天津
000927,*ST夏利,天津
000897,津滨发展,天津
603019,中科曙光,天津
300026,红日药业,天津
000652,泰达股份,天津
601808,中海油服,天津
300407,凯发电气,天津
600322,天房发展,天津
603969,银龙股份,天津
600645,中源协和,天津
300375,鹏翎股份,天津
002337,赛象科技,天津
600821,津劝业,天津
600329,中新药业,天津
002510,天汽模,天津
600335,国机汽车,天津
601919,中国远洋,天津
000695,滨海能源,天津
300119,瑞普生物,天津
000836,鑫茂科技,天津
600225,天津松江,天津
600488,天药股份,天津
600751,天海投资,天津
002134,天津普林,天津
600468,百利电气,天津
300120,经纬电材,天津
000965,天保基建,天津
002432,九安医疗,天津
600583,海油工程,天津
600535,天士力,天津
000537,广宇发展,天津
600082,海泰发展,天津
600717,天津港,天津
002129,中环股份,天津
300195,长荣股份,天津
600158,中体产业,天津
300334,津膜科技,天津
603126,中材节能,天津
002393,力生制药,天津
600165,新日恒力,宁夏
600785,新华百货,宁夏
000982,中银绒业,宁夏
000815,*ST美利,宁夏
600449,宁夏建材,宁夏
600146,商赢环球,宁夏
000557,*ST广夏,宁夏
000862,银星能源,宁夏
002457,青龙管业,宁夏
000635,英 力 特,宁夏
000962,东方钽业,宁夏
000595,宝塔实业,宁夏
000619,海螺型材,安徽
300218,安利股份,安徽
300247,桑乐金,安徽
002331,皖通科技,安徽
002571,德力股份,安徽
600577,精达股份,安徽
002557,洽洽食品,安徽
603011,合锻股份,安徽
603308,应流股份,安徽
000521,美菱电器,安徽
002556,辉隆股份,安徽
002760,凤形股份,安徽
002607,亚夏汽车,安徽
002555,顺荣三七,安徽
603199,九华旅游,安徽
002690,美亚光电,安徽
002597,金禾实业,安徽
300009,安科生物,安徽
600971,恒源煤电,安徽
002361,神剑股份,安徽
300090,盛运环保,安徽
601801,皖新传媒,安徽
300088,长信科技,安徽
603599,广信股份,安徽
600983,惠而浦,安徽
600985,雷鸣科化,安徽
300087,荃银高科,安徽
002352,鼎泰新材,安徽
600990,四创电子,安徽
000543,皖能电力,安徽
603589,口子窖,安徽
000596,古井贡酒,安徽
002347,泰尔重工,安徽
300274,阳光电源,安徽
000153,丰原药业,安徽
002538,司尔特,安徽
603198,迎驾贡酒,安徽
000417,合肥百货,安徽
002541,鸿路钢构,安徽
300388,国祯环保,安徽
601918,国投新集,安徽
002743,富煌钢构,安徽
600575,皖江物流,安徽
000859,国风塑业,安徽
002018,华信国际,安徽
600063,皖维高新,安徽
002171,楚江新材,安徽
002042,华孚色纺,安徽
002147,方圆支承,安徽
600418,江淮汽车,安徽
600520,中发科技,安徽
600808,马钢股份,安徽
600237,铜峰电子,安徽
600054,黄山旅游,安徽
600585,海螺水泥,安徽
600255,鑫科材料,安徽
600012,皖通高速,安徽
600502,安徽水利,安徽
002014,永新股份,安徽
002136,安 纳 达,安徽
600218,全柴动力,安徽
002057,中钢天源,安徽
000887,中鼎股份,安徽
002226,江南化工,安徽
600375,华菱星马,安徽
002140,东华科技,安徽
002230,科大讯飞,安徽
600199,金种子酒,安徽
000713,丰乐种业,安徽
600761,安徽合力,安徽
600496,精工钢构,安徽
300475,聚隆科技,安徽
002298,鑫龙电器,安徽
000630,铜陵有色,安徽
000728,国元证券,安徽
600567,山鹰纸业,安徽
600318,巢东股份,安徽
000979,中弘股份,安徽
300452,山河药辅,安徽
000850,华茂股份,安徽
600444,*ST国通,安徽
600552,方兴科技,安徽
000980,金马股份,安徽
600470,六国化工,安徽
600551,时代出版,安徽
000868,安凯客车,安徽
000930,中粮生化,安徽
002208,合肥城建,安徽
600735,新华锦,山东
000880,潍柴重机,山东
000488,晨鸣纸业,山东
000498,山东路桥,山东
002581,万昌科技,山东
600385,山东金泰,山东
300233,金城医药,山东
002458,益生股份,山东
002580,圣阳股份,山东
300243,瑞丰高材,山东
000915,山大华特,山东
000756,新华制药,山东
300208,恒顺众昇,山东
300237,美晨科技,山东
600448,华纺股份,山东
002041,登海种业,山东
600690,青岛海尔,山东
603026,石大胜华,山东
600188,兖州煤业,山东
000506,中润资源,山东
600426,华鲁恒升,山东
300214,日科化学,山东
300224,正海磁材,山东
600180,瑞茂通,山东
600727,鲁北化工,山东
603021,山东华鹏,山东
300175,朗源股份,山东
300183,东软载波,山东
000409,山东地矿,山东
002088,鲁阳股份,山东
000811,烟台冰轮,山东
002117,东港股份,山东
000407,胜利股份,山东
000822,山东海化,山东
300121,阳谷华泰,山东
600319,亚星化学,山东
002111,威海广泰,山东
002498,汉缆股份,山东
000830,鲁西化工,山东
300110,华仁药业,山东
002107,沃华医药,山东
300105,龙源技术,山东
000338,潍柴动力,山东
300099,尤洛卡,山东
600309,万华化学,山东
600308,华泰股份,山东
002526,山东矿机,山东
002521,齐峰新材,山东
002094,青岛金王,山东
300185,通裕重工,山东
002537,海立美达,山东
000869,张  裕Ａ,山东
002469,三维工程,山东
002470,金正大,山东
600212,江泉实业,山东
002072,凯瑞德,山东
002073,软控股份,山东
600600,青岛啤酒,山东
002476,宝莫股份,山东
000423,东阿阿胶,山东
002481,双塔食品,山东
002086,东方海洋,山东
600219,南山铝业,山东
600350,山东高速,山东
002485,希努尔,山东
000416,民生控股,山东
002545,东方铁塔,山东
002490,山东墨龙,山东
601678,滨化股份,山东
600336,澳柯玛,山东
002078,太阳纸业,山东
002083,孚日股份,山东
600223,鲁商置业,山东
002193,山东如意,山东
600229,青岛碱业,山东
002026,山东威达,山东
600579,天华院,山东
600532,宏达矿业,山东
600529,山东药玻,山东
002726,龙大肉食,山东
002254,泰和新材,山东
600807,天业股份,山东
002353,杰瑞股份,山东
002248,华东数控,山东
300479,神思电子,山东
002355,兴民钢圈,山东
002359,齐星铁塔,山东
002241,歌尔声学,山东
600789,鲁抗医药,山东
002363,隆基机械,山东
600017,日照港,山东
002746,仙坛股份,山东
000951,中国重汽,山东
600784,鲁银投资,山东
002242,九阳股份,山东
000599,青岛双星,山东
000682,东方电子,山东
002339,积成电子,山东
300423,鲁亿通,山东
000617,石油济柴,山东
300443,金雷风电,山东
000977,浪潮信息,山东
002655,共达电声,山东
002671,龙泉股份,山东
002675,东诚药业,山东
000639,西王食品,山东
002643,万润股份,山东
600858,银座股份,山东
002286,保龄宝,山东
000655,金岭矿业,山东
002283,天润曲轴,山东
300391,康跃科技,山东
002330,得利斯,山东
000677,*ST海龙,山东
002270,法因数控,山东
600547,山东黄金,山东
000680,山推股份,山东
002234,民和股份,山东
600022,山东钢铁,山东
002237,恒邦股份,山东
600027,华电国际,山东
600060,海信电器,山东
002598,山东章鼓,山东
600587,新华医疗,山东
600766,园城黄金,山东
000720,新能泰山,山东
300308,中际装备,山东
600986,科达股份,山东
002408,齐翔腾达,山东
600076,青鸟华光,山东
002595,豪迈科技,山东
300001,特锐德,山东
300285,国瓷材料,山东
002589,瑞康医药,山东
000726,鲁  泰Ａ,山东
002588,史丹利,山东
601058,赛轮金宇,山东
600760,中航黑豹,山东
600756,浪潮软件,山东
600467,好当家,山东
600882,华联矿业,山东
002217,合力泰,山东
000554,泰山石油,山东
600960,渤海活塞,山东
600586,金晶科技,山东
002374,丽鹏股份,山东
300343,联创节能,山东
002376,新北洋,山东
600898,三联商社,山东
002379,鲁丰环保,山东
600783,鲁信创投,山东
002382,蓝帆医疗,山东
603223,恒通股份,山东
002604,龙力生物,山东
603167,渤海轮渡,山东
300321,同大股份,山东
002768,国恩股份,山东
000957,中通客车,山东
600777,新潮实业,山东
600966,博汇纸业,山东
002640,跨境通,山西
600408,*ST安泰,山西
600539,*ST狮头,山西
600351,亚宝药业,山西
600546,山煤国际,山西
002753,永东股份,山西
000983,西山煤电,山西
600495,晋西车轴,山西
600392,盛和资源,山西
600348,阳泉煤业,山西
600617,国新能源,山西
000968,煤 气 化,山西
300158,振东制药,山西
601001,大同煤业,山西
300486,东杰智能,山西
600809,山西汾酒,山西
600157,永泰能源,山西
002360,同德化工,山西
000795,太原刚玉,山西
600123,兰花科创,山西
000673,当代东方,山西
000755,山西三维,山西
600740,山西焦化,山西
000737,南风化工,山西
600169,太原重工,山西
300254,仟源医药,山西
600234,山水文化,山西
000767,漳泽电力,山西
600780,通宝能源,山西
601006,大秦铁路,山西
601699,潞安环能,山西
600281,太化股份,山西
002500,山西证券,山西
000723,美锦能源,山西
000831,五矿稀土,山西
000825,太钢不锈,山西
600894,广日股份,广东
002757,南兴装备,广东
002717,岭南园林,广东
600518,康美药业,广东
002723,金莱特,广东
600004,白云机场,广东
600872,中炬高新,广东
600029,南方航空,广东
603268,松发股份,广东
300340,科恒股份,广东
002732,燕塘乳业,广东
603328,依顿电子,广东
603309,维力医疗,广东
300335,迪森股份,广东
603288,海天味业,广东
600499,科达洁能,广东
002745,木林森,广东
300359,全通教育,广东
002728,台城制药,广东
002741,光华科技,广东
300482,万孚生物,广东
600868,梅雁吉祥,广东
002666,德联集团,广东
002668,奥马电器,广东
300417,南华仪器,广东
300415,伊之密,广东
603898,好莱客,广东
300448,浩云科技,广东
002670,华声股份,广东
300410,正业科技,广东
002672,东江环保,广东
300409,道氏技术,广东
300408,三环集团,广东
603838,四通股份,广东
002676,顺威股份,广东
002678,珠江钢琴,广东
002683,宏大爆破,广东
002684,猛狮科技,广东
300404,博济医药,广东
300403,地尔汉宇,广东
300458,全志科技,广东
300460,惠伦晶体,广东
300464,星徽精密,广东
300381,溢多利,广东
002705,新宝股份,广东
300476,胜宏科技,广东
600866,星湖科技,广东
300376,易事特,广东
002709,天赐材料,广东
002711,欧浦智网,广东
600048,保利地产,广东
002715,登云股份,广东
002759,天际股份,广东
300093,金刚玻璃,广东
002762,金发拉比,广东
600685,中船防务,广东
601515,东风股份,广东
600382,广东明珠,广东
600684,珠江实业,广东
300186,大华农,广东
300050,世纪鼎利,广东
300053,欧比特,广东
300177,中海达,广东
300057,万顺股份,广东
300176,鸿特精密,广东
300173,智慧松德,广东
300438,鹏辉能源,广东
600185,格力地产,广东
300063,天龙集团,广东
300149,量子高科,广东
300147,香雪制药,广东
600332,白云山,广东
300146,汤臣倍健,广东
300143,星河生物,广东
600242,*ST中昌,广东
600325,华发股份,广东
600323,瀚蓝环境,广东
600673,东阳光科,广东
300083,劲胜精密,广东
300098,高新兴,广东
300094,国联水产,广东
300155,安居宝,广东
600393,东华实业,广东
300043,互动娱乐,广东
600183,生益科技,广东
600978,宜华木业,广东
300322,硕贝德,广东
300311,任子行,广东
300310,宜通世纪,广东
300297,蓝盾股份,广东
300089,长城集团,广东
002776,柏堡龙,广东
600589,广东榕泰,广东
600083,博信股份,广东
300281,金明精机,广东
300273,和佳股份,广东
300004,南风股份,广东
600098,广州发展,广东
603118,共进股份,广东
300246,宝莱特,广东
300014,亿纬锂能,广东
300242,明家科技,广东
300238,冠昊生物,广东
600433,冠豪高新,广东
600143,金发科技,广东
600728,佳都科技,广东
600428,中远航运,广东
300030,阳普医疗,广东
601238,广汽集团,广东
300221,银禧科技,广东
603002,宏昌电子,广东
300219,鸿利光电,广东
300328,宜安科技,广东
300424,航新科技,广东
600656,*ST博元,广东
002449,国星光电,广东
002512,达华智能,广东
000601,韶能股份,广东
000782,美达股份,广东
000532,力合股份,广东
002600,江粉磁材,广东
002511,中顺洁柔,广东
002084,海鸥卫浴,广东
002260,德奥通航,广东
002387,黑牛食品,广东
000531,穗恒运Ａ,广东
000861,海印股份,广东
000636,风华高科,广东
002045,国光电器,广东
000637,茂化实华,广东
000529,广弘控股,广东
002249,大洋电机,广东
002503,搜于特,广东
002611,东方精工,广东
002502,骅威股份,广东
002317,众生药业,广东
000651,格力电器,广东
002616,长青集团,广东
002233,塔牌集团,广东
002035,华帝股份,广东
000659,*ST中富,广东
000685,中山公用,广东
002031,巨轮股份,广东
000533,万 家 乐,广东
000776,广发证券,广东
002288,超华科技,广东
002291,星期六,广东
002319,乐通股份,广东
002063,远光软件,广东
002311,海大集团,广东
002141,蓉胜超微,广东
000976,*ST春晖,广东
002308,威创股份,广东
002544,杰赛科技,广东
002543,万和电气,广东
000823,超声电子,广东
000828,东莞控股,广东
000541,佛山照明,广东
002060,粤 水 电,广东
002345,潮宏基,广东
000573,粤宏远Ａ,广东
002572,索菲亚,广东
002152,广电运通,广东
000987,广州友谊,广东
002348,高乐股份,广东
002054,德美化工,广东
000973,佛塑科技,广东
002575,群兴玩具,广东
000539,粤电力Ａ,广东
002295,精艺股份,广东
000576,广东甘化,广东
002076,雪 莱 特,广东
002579,中京电子,广东
002292,奥飞动漫,广东
002584,西陇化工,广东
002400,省广股份,广东
002240,威华股份,广东
002005,德豪润达,广东
002180,艾派克,广东
000333,美的集团,广东
000150,宜华健康,广东
000513,丽珠集团,广东
002209,达 意 隆,广东
000717,韶钢松山,广东
000507,珠海港,广东
002638,勤上光电,广东
002016,世荣兆业,广东
000100,TCL 集团,广东
002017,东信和平,广东
002433,太安堂,广东
002465,海格通信,广东
000712,锦龙股份,广东
002431,棕榈园林,广东
002198,嘉应制药,广东
002420,毅昌股份,广东
000690,宝新能源,广东
000502,绿景控股,广东
002187,广百股份,广东
002177,御银股份,广东
002656,卡奴迪路,广东
002101,广东鸿图,广东
000523,广州浪奇,广东
002167,东方锆业,广东
002030,达安基因,广东
002495,佳隆股份,广东
002181,粤 传 媒,广东
000429,粤高速Ａ,广东
002446,盛路通信,广东
002169,智光电气,广东
002663,普邦园林,广东
002441,众业达,广东
002461,珠江啤酒,广东
000921,海信科龙,广东
002212,南洋股份,广东
000893,东凌粮油,广东
002492,恒基达鑫,广东
002425,凯撒股份,广东
000524,岭南控股,广东
002027,七喜控股,广东
002192,*ST融捷,广东
600236,桂冠电力,广西
000806,银河投资,广西
000750,国海证券,广西
600556,慧球科技,广西
002329,皇氏集团,广西
000716,黑芝麻,广西
603869,北部湾旅,广西
601003,柳钢股份,广西
000833,贵糖股份,广西
000911,南宁糖业,广西
000582,北部湾港,广西
000978,桂林旅游,广西
002166,莱茵生物,广西
000662,索芙特,广西
600249,两面针,广西
600252,中恒集团,广西
000528,柳    工,广西
000953,河池化工,广西
600712,南宁百货,广西
600310,桂东电力,广西
600423,柳化股份,广西
000703,恒逸石化,广西
601996,丰林集团,广西
600301,*ST南化,广西
000608,阳光股份,广西
600538,国发股份,广西
601368,绿城水务,广西
600368,五洲交通,广西
603368,柳州医药,广西
002275,桂林三金,广西
603166,福达股份,广西
002592,八菱科技,广西
002696,百洋股份,广西
002175,东方网络,广西
300422,博世科,广西
600251,冠农股份,新疆
002524,光正集团,新疆
300313,天山生物,新疆
600256,广汇能源,新疆
002092,中泰化学,新疆
000877,天山股份,新疆
300159,新研股份,新疆
000159,国际实业,新疆
600359,新农开发,新疆
600337,美克家居,新疆
002100,天康生物,新疆
000166,申万宏源,新疆
601069,西部黄金,新疆
300106,西部牧业,新疆
600339,天利高新,新疆
000972,新中基,新疆
600581,八一钢铁,新疆
000415,渤海租赁,新疆
600506,香梨股份,新疆
002202,金风科技,新疆
002700,新疆浩源,新疆
002302,西部建设,新疆
600197,伊力特,新疆
600778,友好集团,新疆
603227,雪峰科技,新疆
600545,新疆城建,新疆
600145,*ST新亿,新疆
600888,新疆众和,新疆
002207,准油股份,新疆
600540,新赛股份,新疆
600721,百花村,新疆
600737,中粮屯河,新疆
600090,啤酒花,新疆
600089,特变电工,新疆
002205,国统股份,新疆
600509,天富能源,新疆
600419,天润乳业,新疆
600075,新疆天业,新疆
002307,北新路桥,新疆
000813,天山纺织,新疆
002719,麦趣尔,新疆
600425,青松建化,新疆
600084,中葡股份,新疆
002409,雅克科技,江苏
002221,东华能源,江苏
600805,悦达投资,江苏
601218,吉鑫科技,江苏
000890,法 尔 胜,江苏
601313,江南嘉捷,江苏
300279,和晶科技,江苏
000700,模塑科技,江苏
300305,裕兴股份,江苏
600074,保千里,江苏
000760,斯太尔,江苏
300280,南通锻压,江苏
601199,江南水务,江苏
002172,澳洋科技,江苏
300304,云意电气,江苏
300295,三六五网,江苏
600064,南京高科,江苏
300284,苏交科,江苏
002413,常发股份,江苏
002411,九九久,江苏
601222,林洋电子,江苏
600794,保税科技,江苏
600736,苏州高新,江苏
002211,宏达新材,江苏
300292,吴通通讯,江苏
600078,澄星股份,江苏
000518,四环生物,江苏
000816,智慧农业,江苏
601388,怡球资源,江苏
600746,江苏索普,江苏
002445,中南重工,江苏
600287,江苏舜天,江苏
300228,富瑞特装,江苏
002182,云海金属,江苏
000418,小天鹅Ａ,江苏
002438,江苏神通,江苏
002104,恒宝股份,江苏
000421,南京中北,江苏
000425,徐工机械,江苏
002435,长江润发,江苏
300240,飞力达,江苏
600122,宏图高科,江苏
601599,鹿港科技,江苏
000738,中航动控,江苏
000727,华东科技,江苏
600128,弘业股份,江苏
300265,通光线缆,江苏
002201,九鼎新材,江苏
601555,东吴证券,江苏
600099,林海股份,江苏
300261,雅本化学,江苏
300260,新莱应材,江苏
600268,国电南自,江苏
300258,精锻科技,江苏
600276,恒瑞医药,江苏
600105,永鼎股份,江苏
600775,南京熊猫,江苏
002426,胜利精密,江苏
600280,中央商场,江苏
600770,综艺股份,江苏
000910,大亚科技,江苏
002223,鱼跃医疗,江苏
600716,凤凰股份,江苏
600250,南纺股份,江苏
002333,罗普斯金,江苏
300385,雪浪环境,江苏
300382,斯莱克,江苏
600220,江苏阳光,江苏
002150,通润装备,江苏
300373,扬杰科技,江苏
600889,南京化纤,江苏
600682,南京新百,江苏
002349,精华制药,江苏
601007,金陵饭店,江苏
601008,连云港,江苏
601009,南京银行,江苏
601010,文峰股份,江苏
300356,光一科技,江苏
002367,康力电梯,江苏
002304,洋河股份,江苏
300354,东华测试,江苏
000551,创元科技,江苏
300429,强力新材,江苏
600959,江苏有线,江苏
300416,苏试试验,江苏
002309,中利科技,江苏
300420,五洋科技,江苏
300402,宝色股份,江苏
300421,力星股份,江苏
600973,宝胜股份,江苏
002323,雅百特,江苏
600213,亚星客车,江苏
600200,江苏吴中,江苏
600667,太极实业,江苏
600981,汇鸿集团,江苏
300394,天孚通信,江苏
300393,中来股份,江苏
000570,苏常柴Ａ,江苏
300390,天华超净,江苏
300447,全信股份,江苏
002293,罗莱家纺,江苏
601028,玉龙股份,江苏
600854,春兰股份,江苏
002255,海陆重工,江苏
000626,如意集团,江苏
600710,*ST常林,江苏
300325,德威新材,江苏
002245,澳洋顺昌,江苏
002391,长青股份,江苏
002239,奥特佳,江苏
002394,联发股份,江苏
600713,南京医药,江苏
002395,双象股份,江苏
300320,海达股份,江苏
002315,焦点科技,江苏
002165,红 宝 丽,江苏
000681,视觉中国,江苏
002262,恩华药业,江苏
300331,苏大维格,江苏
002384,东山精密,江苏
601100,恒立油缸,江苏
300346,南大光电,江苏
300450,先导股份,江苏
002290,禾盛新材,江苏
300342,天银机电,江苏
000581,威孚高科,江苏
002156,通富微电,江苏
000584,友利控股,江苏
000525,红 太 阳,江苏
300339,润和软件,江苏
002274,华昌化工,江苏
600862,南通科技,江苏
002160,常铝股份,江苏
300337,银邦股份,江苏
002380,科远股份,江苏
002127,新民科技,江苏
000777,中核科技,江苏
300466,赛摩电气,江苏
600970,中材国际,江苏
600282,南钢股份,江苏
300217,东方电热,江苏
002540,亚太科技,江苏
002546,新联电子,江苏
002547,春兴精工,江苏
600370,三房巷,江苏
002450,康得新,江苏
600562,国睿科技,江苏
603111,康尼机电,江苏
603117,万林股份,江苏
002553,南方轴承,江苏
002559,亚威股份,江苏
000035,中国天楹,江苏
600377,宁沪高速,江苏
603158,腾龙股份,江苏
002564,天沃科技,江苏
603188,亚邦股份,江苏
600557,康缘药业,江苏
300031,宝通科技,江苏
300029,天龙光电,江苏
600389,江山股份,江苏
603066,音飞储存,江苏
002531,天顺风能,江苏
002530,丰东股份,江苏
600358,国旅联合,江苏
002091,江苏国泰,江苏
002090,金智科技,江苏
002089,新 海 宜,江苏
300128,锦富新材,江苏
600327,大东方,江苏
002081,金 螳 螂,江苏
603005,晶方科技,江苏
002080,中材科技,江苏
002079,苏州固锝,江苏
002576,通达动力,江苏
002077,大港股份,江苏
002514,宝馨科技,江苏
002516,旷达科技,江苏
603017,中衡设计,江苏
603018,设计股份,江苏
002519,银河电子,江苏
002075,沙钢股份,江苏
002074,东源电器,江苏
300091,金通灵,江苏
002071,长城影视,江苏
002513,蓝丰生化,江苏
600398,海澜之家,江苏
600400,红豆股份,江苏
300013,新宁物流,江苏
600475,华光股份,江苏
002708,光洋股份,江苏
002635,安洁科技,江苏
600513,联环药业,江苏
600481,双良节能,江苏
603828,柯利达,江苏
002692,远程电缆,江苏
600486,扬农化工,江苏
600487,亨通光电,江苏
002631,德尔家居,江苏
002685,华东重机,江苏
002015,*ST霞客,江苏
600510,黑牡丹,江苏
002680,黄海机械,江苏
002009,天奇股份,江苏
603968,醋化股份,江苏
002652,扬子新材,江苏
600501,航天晨光,江苏
002659,中泰桥梁,江苏
603988,中电电机,江苏
002645,华宏科技,江苏
600584,长电科技,江苏
002024,苏宁云商,江苏
002722,金轮股份,江苏
600401,*ST海润,江苏
002585,双星新材,江苏
600406,国电南瑞,江苏
603355,莱克电气,江苏
603366,日出东方,江苏
603369,今世缘,江苏
603518,维格娜丝,江苏
603519,立霸股份,江苏
600533,栖霞建设,江苏
002002,鸿达兴业,江苏
002608,*ST舜船,江苏
002610,爱康科技,江苏
002747,埃斯顿,江苏
002040,南 京 港,江苏
600527,江南高纤,江苏
002734,利民股份,江苏
603688,石英股份,江苏
603699,纽威股份,江苏
600522,中天科技,江苏
002623,亚玛顿,江苏
002044,江苏三友,江苏
300135,宝利国际,江苏
002550,千红制药,江苏
000301,东方市场,江苏
300169,天晟新材,江苏
600305,恒顺醋业,江苏
601928,凤凰传媒,江苏
300160,秀强股份,江苏
300196,长海股份,江苏
002478,常宝股份,江苏
601799,星宇股份,江苏
300172,中电环保,江苏
300192,科斯伍德,江苏
002463,沪电股份,江苏
300190,维尔利,江苏
600300,维维股份,江苏
002464,金利科技,江苏
002484,江海股份,江苏
002471,中超电缆,江苏
300152,科融环境,江苏
002483,润邦股份,江苏
002491,通鼎互联,江苏
300141,和顺电气,江苏
601890,亚星锚链,江苏
300215,电科院,江苏
002453,天马精化,江苏
002455,百川股份,江苏
002499,科林环保,江苏
000961,中南建设,江苏
300201,海伦哲,江苏
002496,辉丰股份,江苏
000936,华西股份,江苏
000919,金陵药业,江苏
300209,天泽信息,江苏
601688,华泰证券,江苏
300165,天瑞仪器,江苏
601700,风范股份,江苏
300211,亿通科技,江苏
600373,中文传媒,江西
002068,黑猫股份,江西
000899,赣能股份,江西
600363,联创光电,江西
600561,江西长运,江西
600269,赣粤高速,江西
300066,三川股份,江西
002748,世龙实业,江西
600397,安源煤业,江西
600507,方大特钢,江西
002176,江特电机,江西
002695,煌上煌,江西
600782,新钢股份,江西
600071,*ST光学,江西
002460,赣锋锂业,江西
600461,洪城水业,江西
000990,诚志股份,江西
600053,中江地产,江西
000403,ST生化,江西
000650,仁和药业,江西
600362,江西铜业,江西
002157,正邦科技,江西
002591,恒大高新,江西
000789,万年青,江西
300453,三鑫医疗,江西
000404,华意压缩,江西
000550,江铃汽车,江西
600750,江中药业,江西
600228,昌九生化,江西
300294,博雅生物,江西
000829,天音控股,江西
300095,华伍股份,江西
600316,洪都航空,江西
600590,泰豪科技,江西
002378,章源钨业,江西
002108,沧州明珠,河北
300255,常山药业,河北
002603,以岭药业,河北
300081,恒信移动,河北
000848,承德露露,河北
000778,新兴铸管,河北
000600,建投能源,河北
600409,三友化工,河北
000856,冀东装备,河北
002049,同方国芯,河北
300138,晨光生物,河北
600230,沧州大化,河北
300446,乐凯新材,河北
600550,保变电气,河北
002146,荣盛发展,河北
000158,常山股份,河北
002282,博深工具,河北
600340,华夏幸福,河北
002342,巨力索具,河北
300428,四通新材,河北
000413,东旭光电,河北
000889,茂业物流,河北
600135,乐凯胶片,河北
601633,长城汽车,河北
002442,龙星化工,河北
000958,东方能源,河北
002691,冀凯股份,河北
002494,华斯股份,河北
600482,风帆股份,河北
000923,河北宣工,河北
000709,河北钢铁,河北
600149,廊坊发展,河北
002459,天业通联,河北
600155,宝硕股份,河北
000408,金谷源,河北
600722,*ST金化,河北
600803,新奥股份,河北
600812,华北制药,河北
000687,恒天天鹅,河北
000401,冀东水泥,河北
600480,凌云股份,河北
300107,建新股份,河北
300137,先河环保,河北
300368,汇金股份,河北
300371,汇中股份,河北
601000,唐山港,河北
600559,老白干酒,河北
601258,庞大集团,河北
600965,福成五丰,河北
000937,冀中能源,河北
600997,开滦股份,河北
002613,北玻股份,河南
002321,华英农业,河南
600222,太龙药业,河南
600172,黄河旋风,河南
002423,中原特钢,河南
603566,普莱柯,河南
002046,轴研科技,河南
000949,新乡化纤,河南
600781,辅仁药业,河南
000612,焦作万方,河南
002601,佰利联,河南
002087,新野纺织,河南
300481,濮阳惠成,河南
300480,光力科技,河南
600207,安彩高科,河南
600020,中原高速,河南
002132,恒星科技,河南
600285,羚锐制药,河南
002536,西泵股份,河南
600069,*ST银鸽,河南
002216,三全食品,河南
002714,牧原股份,河南
600312,平高电气,河南
600569,安阳钢铁,河南
002535,林州重机,河南
600469,风神股份,河南
300109,新开源,河南
601717,郑煤机,河南
600810,神马股份,河南
002225,濮耐股份,河南
300064,豫金刚石,河南
000676,智度投资,河南
601608,中信重工,河南
600439,瑞贝卡,河南
001896,豫能控股,河南
600531,豫光金铅,河南
002770,科迪乳业,河南
300248,新开普,河南
601677,明泰铝业,河南
600403,大有能源,河南
000544,中原环保,河南
002582,好想你,河南
300263,隆华节能,河南
000933,神火股份,河南
000719,大地传媒,河南
002406,远东传动,河南
002296,辉煌科技,河南
601666,平煤股份,河南
002179,中航光电,河南
002407,多氟多,河南
002477,雏鹰农牧,河南
300437,清水源,河南
600121,郑州煤电,河南
002448,中原内配,河南
002560,通达股份,河南
300179,四方达,河南
600753,东方银星,河南
603993,洛阳钼业,河南
002007,华兰生物,河南
300080,新大新材,河南
300007,汉威电子,河南
600066,宇通客车,河南
600186,莲花味精,河南
000885,同力水泥,河南
601038,一拖股份,河南
600595,中孚实业,河南
000895,双汇发展,河南
002358,森源电气,河南
000400,许继电气,河南
600876,洛阳玻璃,河南
300259,新天科技,河南
002189,利达光电,河南
600152,维科精华,浙江
600261,阳光照明,浙江
600571,信雅达,浙江
600491,龙元建设,浙江
002095,生 意 宝,浙江
002020,京新药业,浙江
002021,中捷资源,浙江
600283,钱江水利,浙江
002135,东南网架,浙江
600330,天通股份,浙江
002126,银轮股份,浙江
600570,恒生电子,浙江
002103,广博股份,浙江
002133,广宇集团,浙江
600290,华仪电气,浙江
600512,腾达建设,浙江
002010,传化股份,浙江
002011,盾安环境,浙江
002003,伟星股份,浙江
002122,天马股份,浙江
600477,杭萧钢构,浙江
000739,普洛药业,浙江
002173,千足珍珠,浙江
002012,凯恩股份,浙江
002085,万丰奥威,浙江
002019,亿帆鑫富,浙江
000963,华东医药,浙江
002124,天邦股份,浙江
002144,宏达高科,浙江
600724,宁波富达,浙江
002142,宁波银行,浙江
600699,均胜电子,浙江
600415,小商品城,浙江
002048,宁波华翔,浙江
002067,景兴纸业,浙江
600232,金鹰股份,浙江
600352,浙江龙盛,浙江
000967,上风高科,浙江
002050,三花股份,浙江
600683,京投银泰,浙江
002064,华峰氨纶,浙江
600596,新安股份,浙江
002154,报 喜 鸟,浙江
002131,利欧股份,浙江
600226,升华拜克,浙江
600273,嘉化能源,浙江
000909,数源科技,浙江
600267,海正药业,浙江
600633,浙报传媒,浙江
002112,三变科技,浙江
600387,海越股份,浙江
002056,横店东磁,浙江
600677,航天通信,浙江
002061,江山化工,浙江
002062,宏润建设,浙江
000925,众合科技,浙江
600704,物产中大,浙江
600537,亿晶光电,浙江
600177,雅戈尔,浙江
002001,新 和 成,浙江
600366,宁波韵升,浙江
600216,浙江医药,浙江
600160,巨化股份,浙江
600460,士兰微,浙江
600572,康恩贝,浙江
600521,华海药业,浙江
000913,钱江摩托,浙江
002120,新海股份,浙江
600526,菲达环保,浙江
002032,苏 泊 尔,浙江
600668,尖峰集团,浙江
002082,栋梁新材,浙江
600576,万好万家,浙江
002036,汉麻产业,浙江
002164,宁波东力,浙江
600671,天目药业,浙江
002043,兔 宝 宝,浙江
002099,海翔药业,浙江
600235,民丰特纸,浙江
002119,康强电子,浙江
600208,新湖中宝,浙江
002115,三维通信,浙江
600173,卧龙地产,浙江
600176,中国巨石,浙江
600580,卧龙电气,浙江
002034,美 欣 达,浙江
600175,美都能源,浙江
002664,信质电机,浙江
601567,三星电气,浙江
002677,浙江美大,浙江
002647,宏磊股份,浙江
600130,波导股份,浙江
002488,金固股份,浙江
002489,浙江永强,浙江
002493,荣盛石化,浙江
300145,南方泵业,浙江
300144,宋城演艺,浙江
603889,新澳股份,浙江
300133,华策影视,浙江
002686,亿利达,浙江
300163,先锋新材,浙江
002687,乔治白,浙江
603001,奥康国际,浙江
002508,老板电器,浙江
002699,美盛文化,浙江
300118,东方日升,浙江
603008,喜临门,浙江
603806,福斯特,浙江
300113,顺网科技,浙江
603010,万盛股份,浙江
300111,向日葵,浙江
002515,金字火腿,浙江
002703,浙江世宝,浙江
002641,永高股份,浙江
000156,华数传媒,浙江
002479,富春环保,浙江
601877,正泰电器,浙江
002648,卫星石化,浙江
601339,百隆东方,浙江
002418,康盛股份,浙江
300270,中威电子,浙江
300266,兴源环境,浙江
300257,开山股份,浙江
300256,星星科技,浙江
601579,会稽山,浙江
300250,初灵信息,浙江
002427,尤夫股份,浙江
002430,杭氧股份,浙江
300244,迪安诊断,浙江
002434,万里扬,浙江
300234,开尔新材,浙江
002440,闰土股份,浙江
002443,金洲管道,浙江
002444,巨星科技,浙江
000411,英特集团,浙江
601689,拓普集团,浙江
300203,聚光科技,浙江
601789,宁波建工,浙江
002468,艾迪西,浙江
300181,佐力药业,浙江
002472,双环传动,浙江
002473,圣莱达,浙江
300100,双林股份,浙江
603015,弘讯科技,浙江
002637,赞宇科技,浙江
002520,日发精机,浙江
002570,贝因美,浙江
300027,华谊兄弟,浙江
002574,明牌珠宝,浙江
300025,华星创业,浙江
603222,济民制药,浙江
002730,电光科技,浙江
300020,银江股份,浙江
002619,巨龙管业,浙江
603618,杭电股份,浙江
603300,华铁科技,浙江
603611,诺力股份,浙江
603311,金海环境,浙江
603606,东方电缆,浙江
002586,围海股份,浙江
002617,露笑科技,浙江
002590,万安科技,浙江
603338,DR浙江鼎,浙江
002767,先锋电子,浙江
603456,九洲药业,浙江
603558,健盛集团,浙江
002602,世纪华通,浙江
002758,华通医药,浙江
002756,永兴特钢,浙江
603568,伟明环保,浙江
603600,永艺股份,浙江
300032,金龙机电,浙江
603901,永创智能,浙江
300033,同花顺,浙江
603703,盛洋科技,浙江
002522,浙江众成,浙江
002634,棒杰股份,浙江
002633,*ST申科,浙江
002632,道明光学,浙江
002712,思美传媒,浙江
603799,华友钴业,浙江
603789,星光农机,浙江
300078,中瑞思创,浙江
300076,GQY视讯,浙江
002532,新界泵业,浙江
603788,宁波高发,浙江
002534,杭锅股份,浙江
300069,金利华电,浙江
300068,南都电源,浙江
603085,天成自控,浙江
603088,宁波精达,浙江
002718,友邦吊顶,浙江
002625,龙生股份,浙江
603116,红蜻蜓,浙江
002552,宝鼎重工,浙江
002624,完美环球,浙江
002725,跃岭股份,浙江
002562,兄弟科技,浙江
603168,莎普爱思,浙江
002563,森马服饰,浙江
002569,步森股份,浙江
002415,海康威视,浙江
002615,哈尔斯,浙江
601233,桐昆股份,浙江
002224,三 力 士,浙江
600051,宁波联合,浙江
300283,温州宏丰,浙江
300426,唐德影视,浙江
600052,浙江广厦,浙江
300412,迦南科技,浙江
300411,金盾股份,浙江
002318,久立特材,浙江
600059,古越龙山,浙江
600814,杭州解百,浙江
600798,宁波海运,浙江
002322,理工监测,浙江
002214,大立科技,浙江
300401,花园生物,浙江
600797,浙大网新,浙江
600796,钱江生化,浙江
000558,莱茵体育,浙江
600070,浙江富润,浙江
002006,精功科技,浙江
002326,永太科技,浙江
000559,万向钱潮,浙江
002247,帝龙新材,浙江
300435,中泰股份,浙江
300439,美康生物,浙江
002236,大华股份,浙江
002250,联化科技,浙江
600857,宁波中百,浙江
300488,恒锋工具,浙江
002263,大 东 南,浙江
000607,华媒控股,浙江
300478,杭州高新,浙江
002266,浙富控股,浙江
002273,水晶光电,浙江
603997,继峰股份,浙江
600865,百大集团,浙江
002280,联络互动,浙江
002284,亚太股份,浙江
300461,田中精机,浙江
300459,浙江金科,浙江
600023,浙能电力,浙江
600884,杉杉股份,浙江
600830,香溢融通,浙江
300451,创业软件,浙江
300441,鲍斯股份,浙江
002276,万马股份,浙江
600077,宋都股份,浙江
600982,宁波热电,浙江
002332,仙琚制药,浙江
300329,海伦钢琴,浙江
002389,南洋科技,浙江
601113,华鼎股份,浙江
601116,三江购物,浙江
002188,新 嘉 联,浙江
600113,浙江东日,浙江
300316,晶盛机电,浙江
601137,博威合金,浙江
300314,戴维医疗,浙江
600790,轻纺城,浙江
600114,东睦股份,浙江
600763,通策医疗,浙江
002403,爱仕达,浙江
300307,慈星股份,浙江
300306,远方光电,浙江
600120,浙江东方,浙江
002404,嘉欣丝绸,浙江
300300,汉鼎股份,浙江
600126,杭钢股份,浙江
000517,荣安地产,浙江
601177,杭齿前进,浙江
002381,双箭股份,浙江
600768,宁波富邦,浙江
601002,晋亿实业,浙江
600987,航民股份,浙江
000705,浙江震元,浙江
002206,海 利 得,浙江
002203,海亮股份,浙江
002199,东晶电子,浙江
002196,方正电机,浙江
002343,禾欣股份,浙江
002344,海宁皮城,浙江
002375,亚厦股份,浙江
002364,中恒电气,浙江
002244,滨江集团,浙江
300357,我武生物,浙江
601018,宁波港,浙江
002370,亚太药业,浙江
300351,永贵电器,浙江
300349,金卡股份,浙江
300347,泰格医药,浙江
600776,东方通信,浙江
002372,伟星新材,浙江
300360,炬华科技,浙江
600759,洲际油气,海南
000691,亚太实业,海南
000657,中钨高新,海南
002596,海南瑞泽,海南
600515,海岛建设,海南
000735,罗 牛 山,海南
600221,海南航空,海南
000955,欣龙控股,海南
601118,海南橡胶,海南
601969,海南矿业,海南
000886,海南高速,海南
002693,双成药业,海南
000503,海虹控股,海南
000505,珠江控股,海南
600238,海南椰岛,海南
600209,罗顿发展,海南
600259,广晟有色,海南
000566,海南海药,海南
000567,海德股份,海南
600896,中海海盛,海南
000571,新大洲Ａ,海南
000572,海马汽车,海南
300086,康芝药业,海南
000793,华闻传媒,海南
000613,大东海A,海南
002320,海峡股份,海南
300189,神农大丰,海南
000018,中冠A,深圳
000005,世纪星源,深圳
000999,华润三九,深圳
000012,南  玻Ａ,深圳
000006,深振业Ａ,深圳
000007,零七股份,深圳
000002,万  科Ａ,深圳
000014,沙河股份,深圳
000008,神州高铁,深圳
000009,中国宝安,深圳
000011,深物业A,深圳
000016,深康佳Ａ,深圳
603808,歌力思,深圳
600525,长园集团,深圳
000004,国农科技,深圳
000017,深中华A,深圳
000090,天健集团,深圳
000020,深华发Ａ,深圳
000056,深国商,深圳
000058,深 赛 格,深圳
000060,中金岭南,深圳
000061,农 产 品,深圳
000062,深圳华强,深圳
000063,中兴通讯,深圳
000065,北方国际,深圳
000066,长城电脑,深圳
000068,*ST华赛,深圳
000069,华侨城Ａ,深圳
000055,方大集团,深圳
000070,特发信息,深圳
000088,盐 田 港,深圳
000089,深圳机场,深圳
000096,广聚能源,深圳
000099,中信海直,深圳
601333,广深铁路,深圳
601318,中国平安,深圳
601139,深圳燃气,深圳
000534,万泽股份,深圳
600999,招商证券,深圳
600892,宝诚股份,深圳
000078,海王生物,深圳
000019,深深宝Ａ,深圳
000050,深天马Ａ,深圳
000048,康达尔,深圳
000021,深科技,深圳
000022,深赤湾Ａ,深圳
000023,深天地Ａ,深圳
000024,招商地产,深圳
000025,特  力Ａ,深圳
000026,飞亚达Ａ,深圳
000027,深圳能源,深圳
000028,国药一致,深圳
600548,深高速,深圳
000029,深深房Ａ,深圳
000049,德赛电池,深圳
000031,中粮地产,深圳
000034,深信泰丰,深圳
000036,华联控股,深圳
000037,深南电Ａ,深圳
000038,深大通,深圳
000039,中集集团,深圳
000040,宝安地产,深圳
000042,中洲控股,深圳
000043,中航地产,深圳
000045,深纺织Ａ,深圳
000046,泛海控股,深圳
000032,深桑达Ａ,深圳
000555,神州信息,深圳
000001,平安银行,深圳
002191,劲嘉股份,深圳
002183,怡 亚 通,深圳
300077,国民技术,深圳
002429,兆驰股份,深圳
300085,银之杰,深圳
002197,证通电子,深圳
002528,英飞拓,深圳
002210,飞马国际,深圳
002518,科士达,深圳
002213,特 尔 佳,深圳
002215,诺 普 信,深圳
002218,拓日新能,深圳
002548,金新农,深圳
300112,万讯自控,深圳
600036,招商银行,深圳
600030,中信证券,深圳
002227,奥 特 迅,深圳
300124,汇川技术,深圳
300130,新国都,深圳
002238,天威视讯,深圳
002243,通产丽星,深圳
300131,英唐智控,深圳
300134,大富科技,深圳
300136,信维通信,深圳
002256,彩虹精化,深圳
300115,长盈精密,深圳
002551,尚荣医疗,深圳
300052,中青宝,深圳
300047,天源迪科,深圳
002618,丹邦科技,深圳
002740,爱迪尔,深圳
002751,易尚展示,深圳
002130,沃尔核材,深圳
002609,捷顺科技,深圳
002137,实 益 达,深圳
002763,汇洁股份,深圳
002766,索菱股份,深圳
002138,顺络电子,深圳
002139,拓邦股份,深圳
002769,普路通,深圳
002594,比亚迪,深圳
002775,文科园林,深圳
002587,奥拓电子,深圳
002583,海能达,深圳
300012,华测检测,深圳
002577,雷柏科技,深圳
002161,远 望 谷,深圳
002163,中航三鑫,深圳
300037,新宙邦,深圳
600162,香江控股,深圳
002168,深圳惠程,深圳
300042,朗科科技,深圳
002170,芭田股份,深圳
300044,赛为智能,深圳
000033,*ST新都,深圳
300151,昌红科技,深圳
300154,瑞凌股份,深圳
300468,四方精创,深圳
300206,理邦仪器,深圳
300207,欣旺达,深圳
002369,卓翼科技,深圳
300350,华鹏飞,深圳
300348,长亮科技,深圳
300333,兆日科技,深圳
002388,新亚制程,深圳
002456,欧菲光,深圳
300319,麦捷科技,深圳
300317,珈伟股份,深圳
002399,海普瑞,深圳
002402,和而泰,深圳
300303,聚飞光电,深圳
300301,长方照明,深圳
300227,光韵达,深圳
300232,洲明科技,深圳
300235,方直科技,深圳
002416,爱施德,深圳
300277,海联讯,深圳
002436,兴森科技,深圳
002419,天虹商场,深圳
300269,联建光电,深圳
300264,佳创视讯,深圳
002421,达实智能,深圳
300252,金信诺,深圳
002356,浩宁达,深圳
002121,科陆电子,深圳
300199,翰宇药业,深圳
300377,赢时胜,深圳
002008,大族激光,深圳
300162,雷曼股份,深圳
300167,迪威视讯,深圳
002482,广田股份,深圳
002285,世联行,深圳
300457,赢合科技,深圳
002289,宇顺电子,深圳
002294,信立泰,深圳
002475,立讯精密,深圳
002301,齐心集团,深圳
002303,美盈森,深圳
002313,日海通讯,深圳
002314,雅致股份,深圳
300178,腾邦国际,深圳
002316,键桥通讯,深圳
300193,佳士科技,深圳
300400,劲拓股份,深圳
002325,洪涛股份,深圳
002327,富安娜,深圳
300197,铁汉生态,深圳
300389,艾比森,深圳
002334,英威腾,深圳
002336,人人乐,深圳
002340,格林美,深圳
002341,新纶科技,深圳
002351,漫步者,深圳
002736,国信证券,深圳
300241,瑞丰光电,深圳
002681,奋达科技,深圳
002654,万润科技,深圳
600446,金证股份,深圳
002733,雄韬股份,深圳
002660,茂硕电源,深圳
002724,海洋王,深圳
600380,健康元,深圳
002620,瑞和股份,深圳
002106,莱宝高科,深圳
600383,金地集团,深圳
002052,同洲电子,深圳
002735,王子新材,深圳
002055,得润电子,深圳
002047,宝鹰股份,深圳
002105,信隆实业,深圳
600801,华新水泥,湖北
000952,广济药业,湖北
600260,凯乐科技,湖北
600035,楚天高速,湖北
000678,襄阳轴承,湖北
000670,盈方微,湖北
000665,湖北广电,湖北
000966,长源电力,湖北
600006,东风汽车,湖北
000627,天茂集团,湖北
002627,宜昌交运,湖北
600068,葛洲坝,湖北
000708,大冶特钢,湖北
000707,双环科技,湖北
600298,安琪酵母,湖北
600141,兴发集团,湖北
600136,道博股份,湖北
600133,东湖高新,湖北
600745,中茵股份,湖北
300054,鼎龙股份,湖北
600079,人福医药,湖北
600757,长江传媒,湖北
600769,祥龙电业,湖北
600774,汉商集团,湖北
600107,美尔雅,湖北
002194,武汉凡谷,湖北
600086,东方金钰,湖北
600005,武钢股份,湖北
000939,凯迪电力,湖北
600345,长江通信,湖北
600568,中珠控股,湖北
002694,顾地科技,湖北
002013,中航机电,湖北
000501,鄂武商Ａ,湖北
300276,三丰智能,湖北
000422,湖北宜化,湖北
300278,华昌达,湖北
601311,骆驼股份,湖北
002414,高德红外,湖北
000520,长航凤凰,湖北
300220,金运激光,湖北
300323,华灿光电,湖北
002377,国创高新,湖北
600421,仰帆控股,湖北
002365,永安药业,湖北
300205,天喻信息,湖北
600998,九州通,湖北
600993,马应龙,湖北
300387,富邦股份,湖北
000615,湖北金环,湖北
600355,精伦电子,湖北
300161,华中数控,湖北
002281,光迅科技,湖北
000759,中百集团,湖北
600879,航天电子,湖北
000971,蓝鼎控股,湖北
600566,济川药业,湖北
002305,南国置业,湖北
300184,力源信息,湖北
600976,健民集团,湖北
000988,华工科技,湖北
000553,沙隆达Ａ,湖北
300395,菲利华,湖北
600885,宏发股份,湖北
300046,台基股份,湖北
600498,烽火通信,湖北
000852,石化机械,湖北
000902,新洋丰,湖北
600168,武汉控股,湖北
300018,中元华电,湖北
600703,三安光电,湖北
300041,回天新材,湖北
000826,桑德环境,湖北
600293,三峡新材,湖北
000926,福星股份,湖北
000821,京山轻机,湖北
600275,武昌鱼,湖北
600681,万鸿集团,湖北
000785,武汉中商,湖北
000783,长江证券,湖北
600184,光电股份,湖北
002159,三特索道,湖北
000883,湖北能源,湖北
600963,岳阳林纸,湖南
000157,中联重科,湖南
300413,快乐购,湖南
002650,加加食品,湖南
300187,永清环保,湖南
000799,*ST酒鬼,湖南
600969,郴电国际,湖南
600390,金瑞科技,湖南
300433,蓝思科技,湖南
600961,株冶集团,湖南
600156,华升股份,湖南
603883,老百姓,湖南
600698,湖南天雁,湖南
600257,大湖股份,湖南
002505,大康牧业,湖南
002251,步 步 高,湖南
000918,嘉凯城,湖南
000622,恒立实业,湖南
002297,博云新材,湖南
300148,天舟文化,湖南
603998,方盛制药,湖南
601901,方正证券,湖南
002277,友阿股份,湖南
000590,*ST古汉,湖南
000932,华菱钢铁,湖南
000917,电广传媒,湖南
002261,拓维信息,湖南
600975,新五丰,湖南
000548,湖南投资,湖南
000906,物产中拓,湖南
000419,通程控股,湖南
002412,汉森制药,湖南
000900,现代投资,湖南
600476,湘邮科技,湖南
002125,湘潭电化,湖南
600478,科力远,湖南
601636,旗滨集团,湖南
600479,千金药业,湖南
300268,万福生科,湖南
000504,南华生物,湖南
300267,尔康制药,湖南
002661,克明面业,湖南
002113,天润控股,湖南
000430,张家界,湖南
000428,华天酒店,湖南
300298,三诺生物,湖南
000519,江南红箭,湖南
600458,时代新材,湖南
000989,九 芝 堂,湖南
002096,南岭民爆,湖南
000819,岳阳兴长,湖南
603939,益丰药房,湖南
600416,湘电股份,湖南
002761,多喜爱,湖南
300358,楚天科技,湖南
000998,隆平高科,湖南
300345,红宇新材,湖南
601098,中南传媒,湖南
300338,开元仪器,湖南
002397,梦洁家纺,湖南
002452,长高集团,湖南
300216,千山药机,湖南
603989,艾华集团,湖南
000908,景峰医药,湖南
600031,三一重工,湖南
002155,湖南黄金,湖南
300123,太阳鸟,湖南
000722,湖南发展,湖南
002567,唐人神,湖南
000702,正虹科技,湖南
600599,熊猫金控,湖南
300035,中科电气,湖南
600127,金健米业,湖南
002549,凯美特气,湖南
600744,华银电力,湖南
000748,长城信息,湖南
300015,爱尔眼科,湖南
002533,金杯电工,湖南
002097,山河智能,湖南
002716,金贵银业,湖南
600731,湖南海利,湖南
002523,天桥起重,湖南
600354,敦煌种业,甘肃
600543,莫高股份,甘肃
600307,酒钢宏兴,甘肃
603169,兰石重装,甘肃
000672,上峰水泥,甘肃
600687,刚泰控股,甘肃
000981,银亿股份,甘肃
000791,甘肃电投,甘肃
000779,三毛派神,甘肃
600108,亚盛集团,甘肃
600192,长城电工,甘肃
300084,海默科技,甘肃
002219,恒康医疗,甘肃
002145,中核钛白,甘肃
000552,靖远煤电,甘肃
600738,兰州民百,甘肃
600311,荣华实业,甘肃
000995,*ST皇台,甘肃
600516,方大炭素,甘肃
002185,华天科技,甘肃
300021,大禹节水,甘肃
000929,兰州黄河,甘肃
601798,蓝科高新,甘肃
600720,祁连山,甘肃
002772,众兴菌业,甘肃
002644,佛慈制药,甘肃
600203,福日电子,福建
600660,福耀玻璃,福建
000993,闽东电力,福建
600711,盛屯矿业,福建
600033,福建高速,福建
603555,贵人鸟,福建
002335,科华恒盛,福建
000547,航天发展,福建
000997,新 大 陆,福建
600549,厦门钨业,福建
603686,龙马环卫,福建
300198,纳川股份,福建
000905,厦门港务,福建
002396,星网锐捷,福建
300341,麦迪电气,福建
601566,九牧王,福建
002729,好利来,福建
600493,凤竹纺织,福建
000753,漳州发展,福建
600734,实达集团,福建
600483,福能股份,福建
601377,兴业证券,福建
300051,三五互联,福建
600153,建发股份,福建
002417,*ST元达,福建
002174,游族网络,福建
002614,蒙发利,福建
002110,三钢闽光,福建
000536,华映科技,福建
002029,七 匹 狼,福建
300056,三维丝,福建
300299,富春通信,福建
002752,昇兴股份,福建
601166,兴业银行,福建
600755,厦门国贸,福建
002398,建研集团,福建
000732,泰禾集团,福建
000526,银润投资,福建
600103,青山纸业,福建
603636,南威软件,福建
600436,片仔癀,福建
600163,*ST南纸,福建
300062,中能电气,福建
600603,大洲兴业,福建
002674,兴业科技,福建
002229,鸿博股份,福建
002102,冠福股份,福建
002639,雪人股份,福建
300174,元力股份,福建
603678,火炬电子,福建
300132,青松股份,福建
000632,三木集团,福建
002593,日上集团,福建
600693,东百集团,福建
002578,闽发铝业,福建
300102,乾照光电,福建
002517,泰亚股份,福建
600057,象屿股份,福建
600067,冠城大通,福建
601933,永辉超市,福建
000592,平潭发展,福建
600870,*ST厦华,福建
600573,惠泉啤酒,福建
600802,福建水泥,福建
002070,众和股份,福建
002264,新 华 都,福建
603306,华懋科技,福建
600388,龙净环保,福建
600686,金龙汽车,福建
600592,龙溪股份,福建
002098,浔兴股份,福建
002235,安妮股份,福建
601899,紫金矿业,福建
002222,福晶科技,福建
300188,美亚柏科,福建
002529,海源机械,福建
002626,金达威,福建
600815,厦工股份,福建
300096,易联众,福建
002702,海欣食品,福建
002474,榕基软件,福建
300427,红相电力,福建
600897,厦门空港,福建
000671,阳 光 城,福建
000701,厦门信达,福建
002509,天广消防,福建
000797,中国武夷,福建
300436,广生堂,福建
000663,永安林业,福建
002300,太阳电缆,福建
002228,合兴包装,福建
002299,圣农发展,福建
600563,法拉电子,福建
002682,龙洲股份,福建
002093,国脉科技,福建
002679,福建金森,福建
600749,西藏旅游,西藏
000752,西藏发展,西藏
000762,西藏矿业,西藏
600338,西藏珠峰,西藏
600326,西藏天路,西藏
603669,灵康药业,西藏
002653,海思科,西藏
600773,西藏城投,西藏
002287,奇正藏药,西藏
600211,西藏药业,西藏
600873,梅花生物,西藏
600523,贵航股份,贵州
000920,南方汇通,贵州
002390,信邦制药,贵州
002025,航天电器,贵州
600395,盘江股份,贵州
600594,益佰制药,贵州
300288,朗玛信息,贵州
600519,贵州茅台,贵州
600112,天成控股,贵州
000589,黔轮胎Ａ,贵州
002039,黔源电力,贵州
600992,贵绳股份,贵州
600367,红星发展,贵州
000540,中天城投,贵州
002037,久联发展,贵州
000733,振华科技,贵州
000851,高鸿股份,贵州
002424,贵州百灵,贵州
600227,赤天化,贵州
600765,中航重机,贵州
002689,博林特,辽宁
603399,新华龙,辽宁
601999,出版传媒,辽宁
603609,禾丰牧业,辽宁
300097,智云股份,辽宁
300024,机器人,辽宁
002731,萃华珠宝,辽宁
300125,易世达,辽宁
300202,聚龙股份,辽宁
300082,奥克股份,辽宁
601880,大连港,辽宁
002667,鞍重股份,辽宁
000410,沈阳机床,辽宁
002621,三垒股份,辽宁
603315,福鞍股份,辽宁
603318,派思股份,辽宁
002447,壹桥海参,辽宁
002487,大金重工,辽宁
300210,森远股份,辽宁
000059,*ST华锦,辽宁
002606,大连电瓷,辽宁
000597,东北制药,辽宁
600747,大连控股,辽宁
000585,东北电气,辽宁
600233,大杨创世,辽宁
600231,凌钢股份,辽宁
600795,国电电力,辽宁
000818,方大化工,辽宁
300473,德尔股份,辽宁
000809,铁岭新城,辽宁
600190,锦州港,辽宁
600694,大商股份,辽宁
600715,*ST松辽,辽宁
000616,海航投资,辽宁
600167,联美控股,辽宁
600718,东软集团,辽宁
600719,大连热电,辽宁
000761,本钢板材,辽宁
000633,合金投资,辽宁
000638,万方发展,辽宁
002231,奥维通信,辽宁
000751,锌业股份,辽宁
600739,辽宁成大,辽宁
000679,大连友谊,辽宁
600125,铁龙物流,辽宁
600758,红阳能源,辽宁
002220,天宝股份,辽宁
000692,惠天热电,辽宁
000715,中兴商业,辽宁
000698,沈阳化工,辽宁
600241,时代万恒,辽宁
000881,大连国际,辽宁
000820,金城股份,辽宁
002204,大连重工,辽宁
002069,獐 子 岛,辽宁
000530,大冷股份,辽宁
600346,大橡塑,辽宁
600317,营口港,辽宁
600593,大连圣亚,辽宁
600306,商业城,辽宁
300290,荣科科技,辽宁
002354,天神娱乐,辽宁
600396,金山股份,辽宁
300372,欣泰电气,辽宁
600399,抚顺特钢,辽宁
000898,鞍钢股份,辽宁
002123,荣信股份,辽宁
000511,烯碳新材,辽宁
600303,曙光股份,辽宁
300405,科隆精化,辽宁
300293,蓝英装备,辽宁
600609,金杯汽车,辽宁
600297,广汇汽车,辽宁
002004,华邦颖泰,重庆
600129,太极集团,重庆
600452,涪陵电力,重庆
001696,宗申动力,重庆
603100,川仪股份,重庆
000736,中房地产,重庆
600132,重庆啤酒,重庆
600106,重庆路桥,重庆
600116,三峡水利,重庆
603601,再升科技,重庆
600369,西南证券,重庆
002558,世纪游轮,重庆
002742,三圣特材,重庆
000950,建峰化工,重庆
603766,隆鑫通用,重庆
000788,北大医药,重庆
300006,莱美药业,重庆
600666,奥瑞德,重庆
002765,蓝黛传动,重庆
600292,中电远达,重庆
000892,*ST星美,重庆
600565,迪马股份,重庆
600729,重庆百货,重庆
300275,梅安森,重庆
000591,桐 君 阁,重庆
000514,渝 开 发,重庆
601158,重庆水务,重庆
300363,博腾股份,重庆
601005,重庆钢铁,重庆
601777,力帆股份,重庆
300194,福安药业,重庆
000565,渝三峡Ａ,重庆
600917,重庆燃气,重庆
600877,中国嘉陵,重庆
601965,中国汽研,重庆
000625,长安汽车,重庆
600847,万里股份,重庆
000656,金科股份,重庆
000688,建新矿业,重庆
600279,重庆港九,重庆
300122,智飞生物,重庆
002507,涪陵榨菜,重庆
600080,金花股份,陕西
000796,易食股份,陕西
002267,陕天然气,陕西
002149,西部材料,陕西
601012,隆基股份,陕西
000812,陕西金叶,陕西
300103,达刚路机,陕西
600302,标准股份,陕西
300164,通源石油,陕西
600984,*ST建机,陕西
600217,*ST秦岭,陕西
000610,西安旅游,陕西
300397,天和防务,陕西
002109,兴化股份,陕西
000837,秦川机床,陕西
000561,烽火电子,陕西
000563,陕国投Ａ,陕西
600893,中航动力,陕西
601369,陕鼓动力,陕西
600248,延长化建,陕西
300114,中航电测,陕西
601015,陕西黑猫,陕西
600343,航天动力,陕西
300487,蓝晓科技,陕西
600831,广电网络,陕西
600456,宝钛股份,陕西
600455,博通股份,陕西
000768,中航飞机,陕西
300140,启源装备,陕西
000516,国际医学,陕西
300116,坚瑞消防,陕西
601958,金钼股份,陕西
601225,陕西煤业,陕西
000721,西安饮食,陕西
002673,西部证券,陕西
300023,宝德股份,陕西
600707,彩虹股份,陕西
600706,曲江文旅,陕西
600379,宝光股份,陕西
601179,中国西电,陕西
000697,炼石有色,陕西
000564,西安民生,陕西
600771,广誉远,青海
002646,青青稞酒,青海
601168,西部矿业,青海
600381,青海春天,青海
600117,西宁特钢,青海
600869,智慧能源,青海
000792,盐湖股份,青海
000606,青海明胶,青海
600714,金瑞矿业,青海
600243,青海华鼎,青海
600701,工大高新,黑龙江
600182,S佳通,黑龙江
600179,黑化股份,黑龙江
600371,万向德农,黑龙江
600705,中航资本,黑龙江
600178,东安动力,黑龙江
002737,葵花药业,黑龙江
601188,龙江交通,黑龙江
600853,龙建股份,黑龙江
300040,九洲电气,黑龙江
600095,哈高科,黑龙江
600726,华电能源,黑龙江
600811,东方集团,黑龙江
002437,誉衡药业,黑龙江
000985,大庆华科,黑龙江
300489,中飞股份,黑龙江
600187,国中水务,黑龙江
601106,中国一重,黑龙江
600891,秋林集团,黑龙江
000587,金叶珠宝,黑龙江
000901,航天科技,黑龙江
603567,珍宝岛,黑龙江
600289,亿阳信通,黑龙江
000922,佳电股份,黑龙江
600038,中直股份,黑龙江
000711,*ST京蓝,黑龙江
600664,哈药股份,黑龙江
600864,哈投股份,黑龙江
600598,北大荒,黑龙江
600202,哈空调,黑龙江
603023,威帝股份,黑龙江
601011,宝泰隆,黑龙江
002698,博实股份,黑龙江
600356,恒丰纸业,黑龙江
600829,人民同泰,黑龙江
