公司名,城,注册号
中信房地产股份有限公司,总局,100000000005202
中国中材股份有限公司,总局,100000000006109
中国中车股份有限公司,总局,100000000041417
中国中铁股份有限公司,总局,100000000041175
中国五矿股份有限公司,总局,100000000042959
中国交通建设股份有限公司,总局,100000000040563
中国国际航空股份有限公司,总局,100000400011521
中国国际贸易中心股份有限公司,总局,100000000027880
中国外运股份有限公司,总局,100000000037375
中国大唐集团新能源股份有限公司,总局,100000000042055
中国泛海控股集团有限公司,总局,100000000007739
中国电力建设股份有限公司,总局,100000000042397
中国石油化工股份有限公司,总局,100000000032985
中国第一重型机械股份公司,总局,100000000041982
中国航空技术国际控股有限公司,总局,100000000000991
中国长江电力股份有限公司,总局,100000000037300
北京首都国际机场股份有限公司,总局,100000400008785
华能国际电力股份有限公司,总局,100000400004967
华能新能源股份有限公司,总局,100000000037334
华融融德资产管理有限公司,总局,100000400011628
大唐国际发电股份有限公司,总局,100000400007893
大秦铁路股份有限公司,总局,100000000039278
远洋地产有限公司,总局,100000400009840
际华集团股份有限公司,总局,100000000040426
龙源电力集团股份有限公司,总局,100000000012769


世纪金源投资集团有限公司,北京,110000002960001
中兴能源有限公司,北京,110000010716319
中国铁建房地产集团有限公司,北京,110000010161414
中成新星油田工程技术服务股份有限公司,北京,110000010442959
中昌恒远控股有限公司,北京,110000001960801
中海阳能源集团股份有限公司,北京,110114008629497
中科云网科技集团股份有限公司,北京,110000000871563
中航百慕新材料技术工程股份有限公司,北京,110108004446424
乐视网信息技术（北京）股份有限公司,北京,110000007760467
北京万通地产股份有限公司,北京,110000005200607
北京三聚环保新材料股份有限公司,北京,110000002472736
北京中关村四环医药开发有限责任公司,北京,110000004213975
北京中实混凝土有限责任公司,北京,110000001313676
北京中电华强焊接工程技术有限公司,北京,110108001752139
北京中科金财科技股份有限公司,北京,110108006333023
北京九恒星科技股份有限公司,北京,110108001227449
北京京客隆商业集团股份有限公司,北京,110000002315927
北京京能清洁能源电力股份有限公司,北京,110000002224112
北京京能电力股份有限公司,北京,110000002769583
北京信威通信技术股份有限公司,北京,110000410108211
北京凯英信业科技股份有限公司,北京,110108000409456
北京利尔高温材料股份有限公司,北京,110114001748483
北京北辰实业股份有限公司,北京,110000410131502
北京华业资本控股股份有限公司,北京,110000001525295
北京华索科技股份有限公司,北京,110108007911384
北京华耐立家建材有限公司,北京,110106007481269
北京华联综合超市股份有限公司,北京,110000005074869
北京华胜天成科技股份有限公司,北京,110000005143778
北京同创九鼎投资管理股份有限公司,北京,110102013438139
北京名翔国际影院管理有限公司,北京,110108010234870
北京嘉寓门窗幕墙股份有限公司,北京,110000410296248
北京嘉林药业股份有限公司,北京,110000002033318
北京回龙观星美国际影城管理有限公司,北京,110114011276610
北京城建投资发展股份有限公司,北京,110000005200596
北京大北农科技集团股份有限公司,北京,110000004602260
北京天尧信息技术有限公司,北京,110108003502292
北京天恒置业集团有限公司,北京,110102000687239
北京天路通科技有限责任公司,北京,110106003060033
北京安德固脚手架工程有限公司,北京,110000007542827
北京安期生技术有限公司,北京,110108004670501
北京巴士传媒股份有限公司,北京,110000000454267
北京市合利看丹混凝土有限公司,北京,110106005671988
北京德鑫泉物联网科技股份有限公司,北京,110106006407058
北京思倍驰科技股份有限公司,北京,110108000866097
北京新华空港航空食品有限公司,北京,110000004987538
北京新奥集团有限公司,北京,110000006339999
北京昊华能源股份有限公司,北京,110000005219835
北京望京星美国际影城管理有限公司,北京,110105002077100
北京桀亚莱福生物技术有限责任公司,北京,110000005054811
北京派特罗尔油田服务股份公司,北京,110106003072882
北京海吉星医疗科技有限公司,北京,110000006438165
北京清研利华石油化学技术有限公司,北京,110108009072497
北京王府井百货（集团）股份有限公司,北京,110000005013217
北京电信易通信息技术股份有限公司,北京,110108001225937
北京神雾环境能源科技集团股份有限公司,北京,110114003148685
北京立高防水工程有限公司,北京,110117001694503
北京精彩无限音像有限公司,北京,110101006106764
北京精英伟业影视文化有限责任公司,北京,110114006722852
北京绿润食品有限公司,北京,110000410303790
北京联飞翔科技股份有限公司,北京,110101000172036
北京蓝天瑞德环保技术股份有限公司,北京,110108002614670
北京蓝色光标品牌管理顾问股份有限公司,北京,110108004952150
北京讯鸟软件有限公司,北京,110108003356286
北京金一文化发展股份有限公司,北京,110000010649218
北京金豪制药股份有限公司,北京,110302004649474
北京首都开发控股（集团）有限公司,北京,110000009067358
北京首都开发股份有限公司,北京,110000005020731
北京鸿仪四方辐射技术股份有限公司,北京,110112006286593
北汽福田汽车股份有限公司,北京,110000005082498
华锐风电科技（集团）股份有限公司,北京,110000009320573
博彦科技股份有限公司,北京,110000410218438
国电科技环保集团股份有限公司,北京,110000005014429
安泰科技股份有限公司,北京,110000005200588
德天御生态科技（北京）有限公司,北京,110106001610302
昭仪新天地股份有限公司,北京,110116005267687
江河创建集团股份有限公司,北京,110000000236322
江苏康得新复合材料股份有限公司,北京,110000410161601
金融街控股股份有限公司,北京,110000002625954
首创置业股份有限公司,北京,110000410177682
黑乳（北京）商贸有限公司,北京,110106003391782


中储发展股份有限公司,天津,120000000002074
天士力制药集团股份有限公司,天津,120000000001246
天津东丽湖建设发展有限公司,天津,120110000066178
天津东丽湖能源科技有限公司,天津,120110000090564
天津中环半导体股份有限公司,天津,120000000000036
天津华耐立家建材销售有限公司,天津,120103000102075
天津天保基建股份有限公司,天津,120000000000438
天津天地伟业科技有限公司,天津,120193000002353
天津天自有源自来水有限公司,天津,120222000063269
天津市凯泰建材经营有限公司,天津,120101000081516
天津市天房科技发展股份有限公司,天津,120193000016262
天津市天政基础设施建设有限公司,天津,120104000016911
天津市天联滨海复合材料有限公司,天津,120101000062563
天津市房地产发展（集团）股份有限公司,天津,120000000001594
天津市朝日科贸有限公司,天津,120112000026683
天津市松江生态产业有限公司,天津,120000000003083
天津市泰亨气体有限公司,天津,120111000025090
天津市海河建设发展投资有限公司,天津,120000000001973
天津市海王星海上工程技术股份有限公司,天津,120193000006105
天津帝达地热开发有限公司,天津,120110000014281
天津星美影城管理有限公司,天津,120103000103682
天津泰达股份有限公司,天津,120000000006354
天津津滨发展股份有限公司,天津,120000000005860
天津第六市政公路工程有限公司,天津,120000000014426
天津赛恩能源技术有限公司,天津,120193000038250
天津重钢机械装备股份有限公司,天津,120107000008428
天津金硕信息科技集团股份有限公司,天津,120000000000518
汉柏科技有限公司,天津,120193000031586
海洋石油工程股份有限公司,天津,120000000001439
融创房地产集团有限公司,天津,120111000006866


东旭光电科技股份有限公司,河北,130000000001040
东旭集团有限公司,河北,130100000078969
保定天威保变电气股份有限公司,河北,130000000010000
冀东发展集团有限责任公司,河北,130200000035495
冀中能源股份有限公司,河北,130000000009735
北京中海北方港口工程有限公司,河北,130293000015109
北京正和恒基滨水生态环境治理股份有限公司,河北,130300000013610
华夏幸福基业控股股份公司,河北,131000000004580
华夏幸福基业股份有限公司,河北,131000000030087
唐山三友化工股份有限公司,河北,130000000009500
唐山冀东水泥股份有限公司,河北,130000000020886
唐山市通顺交通投资开发有限责任公司,河北,130200000135249
庞大汽贸集团股份有限公司,河北,130200000020075
开滦能源化工股份有限公司,河北,130000000022087
新兴铸管股份有限公司,河北,130000000000908
新天绿色能源股份有限公司,河北,130000000023637
河北建投能源投资股份有限公司,河北,130000000008429
河北海伟交通设施集团有限公司,河北,131127000005071
河北省新合作控股集团有限公司,河北,130000100002419
河北钢铁股份有限公司,河北,130000000022521
荣盛房地产发展股份有限公司,河北,130000000002350


临汾市热力供应有限公司,山西,141000000031826
太原煤气化股份有限公司,山西,140000100069593
山煤国际能源集团股份有限公司,山西,140000110108716
山西兰花科技创业股份有限公司,山西,140000100069163
山西国际电力集团有限公司,山西,140000100001584
山西太钢不锈钢股份有限公司,山西,140000100063394
山西煤炭进出口集团有限公司,山西,140000100004562
山西省经济建设投资集团有限公司,山西,140000100005928
山西西山煤电股份有限公司,山西,140000100074288
永泰能源股份有限公司,山西,140000110109740
盛和资源控股股份有限公司,山西,140000100064047
阳泉煤业（集团）股份有限公司,山西,140000100081723


伊金霍洛旗九泰热力有限责任公司,内蒙古,152728000009893
内蒙古亿利能源股份有限公司,内蒙古,150000000005071
内蒙古伊泰煤炭股份有限公司,内蒙古,150000400001093
内蒙古包钢钢联股份有限公司,内蒙古,150000000007124
内蒙古双欣能源化工有限公司,内蒙古,152704000000508
内蒙古奈伦农业科技股份有限公司,内蒙古,150000000001043
内蒙古奶联科技有限公司,内蒙古,150106000001141
内蒙古庆华集团阿拉善百灵煤炭有限责任公司,内蒙古,150000000007296
内蒙古庆华集团顺嘉商贸有限公司,内蒙古,152825000004426
内蒙古庆华集团额济纳庆华矿业科技有限责任公司,内蒙古,152923000006344
内蒙古恒达公路发展有限公司,内蒙古,152700000001433
内蒙古泰弘生态环境发展股份有限公司,内蒙古,150208000013386
内蒙古萌业粮油农副产品有限责任公司,内蒙古,152824000001072
内蒙古远兴能源股份有限公司,内蒙古,150000000000788
内蒙古鄂尔多斯资源股份有限公司,内蒙古,152700400000363
内蒙古阜丰生物科技有限公司,内蒙古,150000400000041
内蒙古额济纳旗庆华马克那林苏海特商贸有限责任公司,内蒙古,152900000006351
内蒙古高新控股有限公司,内蒙古,150208000011587
包头东宝生物技术股份有限公司,内蒙古,150000000001891
包头市城乡发展投资有限责任公司,内蒙古,150200000003053
包头市祥顺达工贸有限责任公司,内蒙古,150200000000014
包头市红卫日用化工有限公司,内蒙古,150200000000364
包钢综企（集团）共兴冶金粉末有限公司,内蒙古,150200000012486
呼和浩特春华水务开发集团有限责任公司,内蒙古,150100000009706
国美电器内蒙古有限公司,内蒙古,150112000003543
扎兰屯市扬旗山水利枢纽有限责任公司,内蒙古,152103000002830
鄂尔多斯市通惠供热燃气集团有限公司,内蒙古,152702000000398
锡林浩特市给排水有限责任公司,内蒙古,152502000009213
阿拉善盟岚岳煤炭有限责任公司,内蒙古,152900000000586


东北制药集团股份有限公司,辽宁,210100000035297
中铁铁龙集装箱物流股份有限公司,辽宁,210200000021699
丰汇租赁有限公司,辽宁,210000004927827
凌源钢铁股份有限公司,辽宁,211300004010748
北方华锦化学工业股份有限公司,辽宁,210000004920321
台安县供热有限责任公司,辽宁,210321006106761
国电电力发展股份有限公司,辽宁,210200000135843
大连万达商业地产股份有限公司,辽宁,210200000021891
大连东霖食品股份有限公司,辽宁,210200400016720
大连亿达发展有限公司,辽宁,210200400038778
大连弘佳物流有限公司,辽宁,210242000012097
大连星海湾金融商务区投资管理股份有限公司,辽宁,210200000161476
大连普湾工程项目管理有限公司,辽宁,210246000003572
大连棒棰岛海产股份有限公司,辽宁,210200000044058
大连港股份有限公司,辽宁,210200400039287
大连港集团有限公司,辽宁,210200000152848
大连黄海港务有限公司,辽宁,210283000040777
本钢板材股份有限公司,辽宁,210000004931633
沈阳金河混凝土有限公司,辽宁,210100000046907
海城市西柳物流服务有限公司,辽宁,210381009148172
海航投资集团股份有限公司,辽宁,210200000261664
荣信电力电子股份有限公司,辽宁,210000004920217
营口天瑞水泥有限公司,辽宁,210800004045871
营口市老边区供热有限公司,辽宁,210800004144698
营口沿海产业物流基地有限公司,辽宁,210800004029880
营口沿海供热有限公司,辽宁,210800004136001
营口港务股份有限公司,辽宁,210000004925657
银基烯碳新材料股份有限公司,辽宁,210100000021782
锦州北山建筑工程有限责任公司,辽宁,210700004061473
锦州宝地装饰工程有限公司,辽宁,210700004082420
鞍山市鸿成实业有限公司,辽宁,210381009145901


中油金鸿能源投资股份有限公司,吉林,220000000098225
吉林利源精制股份有限公司,吉林,220000400007827
吉林华微电子股份有限公司,吉林,220200000001250
吉林市新北投资有限公司,吉林,220214000015448
吉林省松花湖生态示范园开发有限公司,吉林,220211000003511
吉林粮食集团收储经销有限公司,吉林,220108010000974
吉林高速公路股份有限公司,吉林,220000000149648
长春欧亚集团股份有限公司,吉林,220101010007558


七台河宝泰隆煤化工股份有限公司,黑龙江,230900100015008
亿阳集团股份有限公司,黑龙江,230199100002865
哈尔滨好民居建设投资发展有限公司,黑龙江,230100100036879
哈尔滨投资集团有限责任公司,黑龙江,230199100039345
哈尔滨电气股份有限公司,黑龙江,230100100004252
宝清县同利建筑工程有限责任公司,黑龙江,230523100004799
新华联不动产股份有限公司,黑龙江,230000100005468
牡丹江镜泊湖旅游集团有限公司,黑龙江,231000100085734


上海万业企业股份有限公司,上海,310000000007622
上海三航奔腾建设工程有限公司,上海,310113000001467
上海世茂建设有限公司,上海,310115400076820
上海中河金属股份有限公司,上海,310226000490536
上海交运集团股份有限公司,上海,310000000023877
上海同捷科技股份有限公司,上海,310115400063464
上海嘉宝实业（集团）股份有限公司,上海,310000000031246
上海嘉麟杰纺织品股份有限公司,上海,310000400256554
上海国有资产经营有限公司,上海,310000000072316
上海国际港务（集团）股份有限公司,上海,310000400003970
上海城开（集团）有限公司,上海,310000000043933
上海城投控股股份有限公司,上海,310000000011872
上海复星医药（集团）股份有限公司,上海,310000000036602
上海大众公用事业（集团）股份有限公司,上海,310000000008037
上海大名城企业股份有限公司,上海,310000400150891
上海大新华航运发展有限公司,上海,310115001146216
上海实业发展股份有限公司,上海,310000000047164
上海市建设机电安装有限公司,上海,310230000046828
上海张江高科技园区开发股份有限公司,上海,310000000043546
上海新黄浦置业股份有限公司,上海,310000000047244
上海朗诗建筑科技有限公司,上海,310115001091848
上海江苏饭店有限公司,上海,310107000044699
上海浦东路桥建设股份有限公司,上海,310000000092681
上海海希工业通讯股份有限公司,上海,310104000192605
上海海立（集团）股份有限公司,上海,310000400040612
上海游久游戏股份有限公司,上海,310000000001027
上海申通地铁股份有限公司,上海,310000000009752
上海电力股份有限公司,上海,310000400195188
上海电气集团股份有限公司,上海,310000000086691
上海紫江企业集团股份有限公司,上海,310000400004243
上海紫竹信息数码港有限公司,上海,310112000464036
上海红星美凯龙投资有限公司,上海,310115001009319
上海美特斯邦威服饰股份有限公司,上海,310225000206755
上海至纯洁净系统科技股份有限公司,上海,310112000278119
上海茗强实业有限公司,上海,310230000321384
上海莱士血液制品股份有限公司,上海,310000400004034
上海豫园旅游商城股份有限公司,上海,310000000001998
上海金丰建设发展有限公司,上海,310115000895732
上海金桥出口加工区开发股份有限公司,上海,310000400062043
上海隧道工程股份有限公司,上海,310000000025059
上海雅润文化传播有限公司,上海,310114001632488
上海集优机械股份有限公司,上海,310000000088302
中化国际（控股）股份有限公司,上海,310000000066961
中华企业股份有限公司,上海,310000000023990
中国东方航空股份有限公司,上海,310000400111686
中国高科集团股份有限公司,上海,310000000009961
中海发展股份有限公司,上海,310000400151546
丰田通商（上海）有限公司,上海,310115400025643
优必胜（上海）精密轴承制造有限公司,上海,310000400523006
华域汽车系统股份有限公司,上海,310000000013225
华宝投资有限公司,上海,310115000240161
协鑫集成科技股份有限公司,上海,310226000457712
国药控股股份有限公司,上海,310101000307576
复地（集团）股份有限公司,上海,310000400200534
天地源股份有限公司,上海,310000000014943
方兴地产投资管理（上海）有限公司,上海,310000400548581
旭辉集团股份有限公司,上海,310000000092243
派芬自控（上海）股份有限公司,上海,310110000320143
海通开元投资有限公司,上海,310000000094802
润百计算机（上海）有限公司,上海,310115400191261
红星美凯龙家居集团股份有限公司,上海,310115001019076
绿地控股股份有限公司,上海,310000000010224
远东国际租赁有限公司,上海,310115400080939


东华能源股份有限公司,江苏,320000400002881
东飞马佐里纺机有限公司,江苏,320900400006034
中利科技集团股份有限公司,江苏,320500000045339
丰县经济开发区投资发展有限责任公司,江苏,320300000016537
丹阳市江南面粉有限公司,江苏,321181000038166
仪征城乡水务有限公司,江苏,321081000004402
保利协鑫（苏州）新能源有限公司,江苏,320000400004133
保定天威集团（江苏）五洲变压器有限公司,江苏,320582000034350
凡登（常州）新型金属材料技术有限公司,江苏,320400400024509
南京东部园林绿化建设发展有限公司,江苏,320102000006970
南京六合路桥建设有限公司,江苏,320123000006828
南京化学工业园公用事业有限责任公司,江苏,320193000000222
南京化学工业园有限公司,江苏,320193000000191
南京宁西道路桥梁工程有限公司,江苏,320111000003191
南京市浦口区水务建设发展有限公司,江苏,320111000005025
南京市溧水区昱达商贸集团有限公司,江苏,320124000002976
南京新明经济开发有限公司,江苏,320123000010071
南京江宁水务集团有限公司,江苏,320121000116701
南京江宁滨江新城开发建设有限公司,江苏,320121000149157
南京江宁滨江物流有限公司,江苏,320121000140990
南京汤山旅游发展有限公司,江苏,320121000012746
南京汤山温泉资源管理有限公司,江苏,320121000185562
南京港股份有限公司,江苏,320000000016550
南京珍珠泉经济发展有限公司,江苏,320111000081924
南京瑞源建设工程有限公司,江苏,320121000042654
南京西部路桥集团有限公司,江苏,320121000006750
南京路鹏建设工程有限公司,江苏,320123000163146
南京远古水业股份有限公司,江苏,320100000028246
南京金港投资有限公司,江苏,320100000038616
南京钢铁股份有限公司,江苏,320000000012926
南京雨花经济技术发展有限公司,江苏,320114000004074
南京高科股份有限公司,江苏,320192000001237
南京龙潭物流基地开发有限公司,江苏,320113000004078
南通一建集团有限公司,江苏,320600000090334
南通世锦实业有限公司,江苏,320683000232788
南通市江海公路工程有限公司,江苏,320600000094353
南通晨曦焊业有限公司,江苏,320683000156142
南通汽运实业集团有限公司,江苏,320600000002675
南通泰禾化工有限公司,江苏,320600400009612
南通洋口港综合开发有限公司,江苏,320623000000237
博瑞生物医药技术（苏州）有限公司,江苏,320500400009878
双良节能系统股份有限公司,江苏,320000400001692
句容市茅山湖康体养生旅游度假有限公司,江苏,321183000118394
句容新农建设发展有限公司,江苏,321183000090689
启东市临海公路建设工程有限公司,江苏,320681000220075
吴江市盛泽水处理发展有限公司,江苏,320584000006137
圣欧芳纶（江苏）股份有限公司,江苏,320584400012437
大丰市大丰港农业发展有限公司,江苏,320982000001094
大丰市高鑫投资有限责任公司,江苏,320982000129278
大丰海港港口有限责任公司,江苏,320982000004829
大亚科技股份有限公司,江苏,320000000012983
如皋市交通服务发展有限公司,江苏,320682000208224
如皋市富港工程建设有限公司,江苏,320682000225539
如皋市顾庄生态园开发建设有限公司,江苏,320682000163758
如皋港务集团有限公司,江苏,320600400006968
宜兴市城市发展投资有限公司,江苏,320282000025826
宝胜科技创新股份有限公司,江苏,320000000014841
宿迁市惠农农业发展股份有限公司,江苏,321300000037542
宿迁市致富皮业有限公司,江苏,321300000017580
宿迁市金田塑业有限公司,江苏,321300000001967
常州国际机场集团有限公司,江苏,320400000039275
常州天晟新材料股份有限公司,江苏,320400000003930
常州市城市建设（集团）有限公司,江苏,320400000002847
常州市春秋淹城建设投资有限公司,江苏,320483000220465
常州市武进广播电视投资发展有限公司,江苏,320483000258247
常州市江南花都花卉产业园有限公司,江苏,320483000287478
常州市西太湖旅游发展有限公司,江苏,320483000265750
常州市金坛茅山景区资产经营有限公司,江苏,320482000060352
常州民生环保科技有限公司,江苏,320407000001914
常州科研试制中心有限公司,江苏,320400000014368
常州长青交通科技股份有限公司,江苏,320400400015052
常熟市发展投资有限公司,江苏,320581000007227
常熟市虞山尚湖旅游发展有限责任公司,江苏,320581000182604
常熟新材料产业园污水处理有限公司,江苏,320581000009013
徐州市新城区国有资产经营有限责任公司,江苏,320306000000746
徐州市贾汪都市旅游投资发展有限公司,江苏,320305000027830
徐州新源水务有限公司,江苏,320306000009497
徐州申鑫建材市场管理有限公司,江苏,320323000054185
徐工集团工程机械股份有限公司,江苏,320300000017304
恒远国际工程集团有限公司,江苏,321088000042665
扬中市中扬现代渔业产业发展有限公司,江苏,321182000067562
扬州化工产业园公共管廊有限公司,江苏,321081000005528
扬州化工产业投资发展有限公司,江苏,321081000004961
扬州威亨热电有限公司,江苏,321000400001299
扬州恒基大通光电有限公司,江苏,321000400014099
扬州绿色产业投资发展控股（集团）有限责任公司,江苏,321000000076010
扬州鑫域建设工程有限公司,江苏,321088000192661
扬州鼎兴开发建设有限公司,江苏,321002000001966
新城控股集团股份有限公司,江苏,320483000091688
新沂市交通投资有限公司,江苏,320300000232978
新沂市交通物流有限公司,江苏,320381000004640
无锡吴文化博览园建设发展有限公司,江苏,320200000015726
无锡安阳山产业发展有限公司,江苏,320206000155687
无锡市北塘建设投资发展有限公司,江苏,320200000172200
无锡市北塘投资发展有限公司,江苏,320200000170622
无锡市太极实业股份有限公司,江苏,320200000015148
无锡市新区发展集团有限公司,江苏,320213000001584
无锡市滨湖商旅文化发展有限公司,江苏,320211000138912
无锡市长绿农业科技发展有限公司,江苏,320213000039360
无锡惠山软件产业发展有限公司,江苏,320206000124007
无锡惠憬城市发展有限公司,江苏,320206000148462
无锡沪宁城铁惠山站区投资开发建设有限公司,江苏,320206000127626
无锡锡东新城建设发展有限公司,江苏,320205000119652
无锡锡东科技投资控股有限公司,江苏,320205000007565
无锡雪浪科教产业投资发展有限公司,江苏,320211000012719
无锡高新物流中心有限公司,江苏,320213000002962
昆山龙腾电子有限公司,江苏,320583400002028
月星集团有限公司,江苏,320400000016878
江苏东升水务建设工程有限公司,江苏,321300000000765
江苏中南建设集团股份有限公司,江苏,320600000241314
江苏中泰桥梁钢构股份有限公司,江苏,320000000070820
江苏中瑞路桥建设有限公司,江苏,321200000009150
江苏中联物流有限公司,江苏,321300000018589
江苏中能硅业科技发展有限公司,江苏,320300400006732
江苏中超控股股份有限公司,江苏,320282000047735
江苏云港投资发展有限公司,江苏,320700000094516
江苏亨通光电股份有限公司,江苏,320000000014108
江苏伟驰建设发展有限公司,江苏,320483000251212
江苏八达园林有限责任公司,江苏,320483000133946
江苏凤凰置业投资股份有限公司,江苏,320000000108232
江苏北极皓天科技有限公司,江苏,320282000229351
江苏叠石桥投资有限公司,江苏,320684000001065
江苏古运河投资发展有限公司,江苏,320200000014233
江苏句容福地生态科技有限公司,江苏,321183000007053
江苏句容赤山湖生态环境建设发展有限公司,江苏,321183000059736
江苏嘉隆工程建设有限公司,江苏,321323000007850
江苏大宏纺织集团股份有限公司,江苏,320900000042689
江苏太仓港开发建设股份有限公司,江苏,320000000009163
江苏宁沪高速公路股份有限公司,江苏,320000000004194
江苏宇迪光学股份有限公司,江苏,320623000112846
江苏容丰现代农业科技有限公司,江苏,321183000069787
江苏山河水泥有限公司,江苏,320831000029862
江苏崇明科技实业有限公司,江苏,321183000008525
江苏广亚建设集团有限公司,江苏,320483000110600
江苏德和生物科技有限公司,江苏,320281400009234
江苏恒星钨钼有限公司,江苏,321000400009328
江苏恒瑞投资开发有限公司,江苏,320982000003750
江苏恒顺达生物能源有限公司,江苏,321100400011115
江苏惠海旅游发展有限公司,江苏,320621000235333
江苏扬安集团有限公司,江苏,321000000000540
江苏新城地产股份有限公司,江苏,320400000004045
江苏枣林湾实业有限公司,江苏,321081000001068
江苏欧邦塑胶有限公司,江苏,320582000102767
江苏武进太湖湾旅游发展有限公司,江苏,320483000021301
江苏江南商贸集团有限责任公司,江苏,320581000006832
江苏洋口港投资开发有限公司,江苏,320600400011605
江苏洪泽湖建设投资集团有限公司,江苏,320829000035353
江苏润扬交通工程集团有限公司,江苏,321000000002801
江苏淮阴水利建设有限公司,江苏,320800000000039
江苏瀛洲发展集团有限公司,江苏,320700000006242
江苏瑞洁塑料管材管件有限公司,江苏,320800400000504
江苏省长荡湖文化旅游发展有限公司,江苏,320482000077544
江苏科地现代农业有限公司,江苏,320282400006305
江苏综艺股份有限公司,江苏,320600000157784
江苏联发纺织股份有限公司,江苏,320600400006064
江苏舜天船舶股份有限公司,江苏,320000000022880
江苏花王园艺股份有限公司,江苏,321181000046029
江苏茅山福地旅游有限公司,江苏,321183000063313
江苏连云港港口股份有限公司,江苏,320700000003113
江苏邗建集团万达市政工程有限公司,江苏,321027000004199
江苏金鑫建材有限公司,江苏,321300000020037
江苏铜枣实业发展有限公司,江苏,321081000082976
江苏飞达钻头股份有限公司,江苏,321100000092363
江苏鹿港科技股份有限公司,江苏,320582000054425
江苏龙腾坤鑫建设发展有限公司,江苏,321088000029784
江阴市公有资产经营有限公司,江苏,320281000009467
泗洪光发彩印包装有限公司,江苏,321324000032366
泰凌医药（江苏）有限公司,江苏,321200400012634
泰州三福重工集团有限公司,江苏,321200000016875
泰州东星精密机器有限公司,江苏,321200400004482
泰州凤城河建设发展有限公司,江苏,321200000003348
泰州华诚医学投资集团有限公司,江苏,321200000018081
泰州市三泰船业有限公司,江苏,321203000000603
泰州市新滨江开发有限责任公司,江苏,321200000001491
泰州市港城驾驶员培训有限公司,江苏,321203000045413
泰州市鑫海投资有限公司,江苏,321202000003369
泰州新生源生物医药有限公司,江苏,321200400009964
泰州金泰环保热电有限公司,江苏,321200000002062
洪泽县现代新农村投资发展有限公司,江苏,320829000042883
海安利泰水务投资发展有限公司,江苏,320621000248397
海安县交通建设投资有限公司,江苏,320621000001474
海安县区域供水有限公司,江苏,320621000001101
海安县广播电视信息网络有限公司,江苏,320621000003343
涟水县涟缘水务有限公司,江苏,320826000002226
淮安园兴投资有限公司,江苏,320804000001374
淮安市交通控股有限公司,江苏,320800000003908
淮安市兴淮农村经济发展有限公司,江苏,320803000073960
淮安市华盛园林建设有限公司,江苏,320800000062254
淮安市尧塘装饰工程有限公司,江苏,320802000033938
淮安市康嘉实业有限公司,江苏,320891000000212
淮安开发物流有限公司,江苏,320891000025445
淮安恒兴综合大市场开发有限公司,江苏,320804000080354
淮安新城投资开发有限公司,江苏,320800000054617
淮安民用机场有限责任公司,江苏,320800000055945
淮安软件园管理发展有限公司,江苏,320891000009025
溧阳市城东农业科技有限公司,江苏,320481000071959
申环电缆科技有限公司,江苏,320282400009037
盐城南洋经济发展实业有限公司,江苏,320902000013226
盐城市大纵湖湖区资源开发有限公司,江苏,320928000061254
盐城市瀛洲宾馆有限公司,江苏,320902000013793
盐城市盐都交通建设发展有限公司,江苏,320928000066223
盱眙县天源水务有限公司,江苏,320830000065169
红豆集团有限公司,江苏,320205000064887
苏宁云商集团股份有限公司,江苏,320000000035248
苏州华东镀膜玻璃有限公司,江苏,320500400000901
苏州历史文化名城保护集团有限公司,江苏,320503000000368
苏州同里国际旅游开发有限公司,江苏,320584400000104
苏州天沃科技股份有限公司,江苏,320582000038079
苏州市金桥汽车产业园管理有限公司,江苏,320506000264211
苏州德胜东弇建设发展有限公司,江苏,320585000006027
苏州新区新宁自来水发展有限公司,江苏,320512000006216
苏州新区高新技术产业股份有限公司,江苏,320000000009807
苏州松鹤楼饮食文化有限公司,江苏,320500000028710
苏州汾湖投资集团有限公司,江苏,320584000082572
苏州沙家浜旅游发展有限公司,江苏,320581000008980
苏州漕湖科技发展股份有限公司,江苏,320507000003357
苏州相城经济开发区琳桥绿化有限公司,江苏,320507000004212
苏州第壹制药有限公司,江苏,320594400013985
苏州金螳螂建筑装饰股份有限公司,江苏,320000400000964
苏州阳澄湖生态休闲旅游有限公司,江苏,320507000099657
苏州高新区自来水有限公司,江苏,320512000003306
苏州高新污水处理有限公司,江苏,320512000000814
远东控股集团有限公司,江苏,320282000100726
连云港市东海县宏伟石英制品有限公司,江苏,320722000001027
连云港振兴实业集团有限公司,江苏,320700000001870
连云港桃盛熔融石英有限公司,江苏,320700400001501
连云港神农现代农业发展有限公司,江苏,320700000121094
连云港祥云投资有限公司,江苏,320723000003078
连云港连岛旅游开发有限公司,江苏,320700000005551
邳州市交通工程有限公司,江苏,320382000001252
邳州市恒润城市投资有限公司,江苏,320382000062535
邳州市水利建筑安装工程有限公司,江苏,320382000000410
金坛市国发国际投资发展有限公司,江苏,320482000079771
镇江交通产业集团有限公司,江苏,321100000001704
镇江市丹徒区新农村发展建设有限公司,江苏,321121000056526
镇江市丹徒区科创建设有限公司,江苏,321121000039050
镇江市大港建筑安装工程有限公司,江苏,321191000009657
镇江市风景旅游发展有限责任公司,江苏,321100000087388
镇江文化旅游产业集团有限责任公司,江苏,321100000001147
镇江港和新型建材有限公司,江苏,321191000028595
镇江港源水务有限责任公司,江苏,321191000003601
镇江索普化工新发展有限公司,江苏,321100000009578
靖江市华宇投资建设有限公司,江苏,321282000001009
靖江市滨江新城投资开发有限公司,江苏,321282000005368
顺风光电投资（中国）有限公司,江苏,320000400005739
骏浩科技（中国）有限公司,江苏,321181400004812
高邮开盛市政建设投资有限公司,江苏,321084000071118
黑牡丹（集团）股份有限公司,江苏,320400000003727
龙城旅游控股集团有限公司,江苏,320400000003323


万向钱潮股份有限公司,浙江,330000000050426
三维通信股份有限公司,浙江,330000000024408
上虞振能天然气有限公司,浙江,330600400002662
东阳福添影视有限公司,浙江,330783000041060
中国水产舟山海洋渔业公司,浙江,330900000005853
临安市城建发展有限公司,浙江,330185000008674
义乌市水务建设集团有限公司,浙江,330782000046748
乐清市宝乐能源实业有限公司,浙江,330382000020963
云鹏控股集团有限公司,浙江,331081100014195
五洋建设集团股份有限公司,浙江,330000000020340
京投银泰股份有限公司,浙江,330200000007765
余姚市交通投资有限公司,浙江,330281000054252
余姚市高铁站场建设投资有限公司,浙江,330281000075950
余姚经济开发区建设投资发展有限公司,浙江,330281000034554
华东医药股份有限公司,浙江,330000000049286
华仪电气股份有限公司,浙江,330000000016512
卧龙地产集团股份有限公司,浙江,330000000008831
台州市椒江金丰小额贷款有限公司,浙江,331002000057681
嘉兴市港区供水有限责任公司,浙江,330405000004293
嘉兴市港区污水处理有限责任公司,浙江,330405000009711
嘉兴市湘家荡发展投资集团有限公司,浙江,330400000014471
嘉兴市联众实业投资有限公司,浙江,330402000021513
嘉兴市闻源水务投资有限公司,浙江,330411000051116
奉化新城开发投资有限责任公司,浙江,330283000002906
宁波华宁围海工程有限公司,浙江,330226000033054
宁波市商贸集团有限公司,浙江,330200000070712
宁波市镇海区海江投资发展有限公司,浙江,330211000046627
宁波杉杉股份有限公司,浙江,330200000006090
宁波枫林绿色能源开发有限公司,浙江,330200000057215
宁波港股份有限公司,浙江,330200400022586
宁波热电股份有限公司,浙江,330200000069487
宁波轿辰集团股份有限公司,浙江,330200000039431
宁海县城投集团有限公司,浙江,330226000044913
安吉七彩灵峰农业发展有限公司,浙江,330523000062964
安吉县城西北开发有限公司,浙江,330523000052765
安吉县大竹海旅游有限公司,浙江,330523000016753
安吉县绿洲新农村建设有限公司,浙江,330523000035170
安吉紫梅实业有限公司,浙江,330523000032083
宏润建设集团股份有限公司,浙江,330200000028728
嵊州宾馆有限公司,浙江,330683000050494
平阳县利得海涂围垦开发有限公司,浙江,330326000034746
德清升华小额贷款股份有限公司,浙江,330500000007600
德清县下渚湖湿地旅游发展有限公司,浙江,330521000007897
德清县城市建设发展总公司,浙江,330521000024319
德清县德城园林绿化工程服务有限公司,浙江,330521000005963
德清县恒达建设发展有限公司,浙江,330521000025485
德清恒丰建设发展有限公司,浙江,330521000025573
志诚动力科技（杭州）有限公司,浙江,330100400016037
报喜鸟集团有限公司,浙江,330324000046785
新丽传媒股份有限公司,浙江,330783000048560
新光控股集团有限公司,浙江,330782000124437
新昌县交通投资有限公司,浙江,330624000024842
新湖中宝股份有限公司,浙江,330000000004201
杭州中科赛思节能设备有限公司,浙江,330122000034985
杭州临江投资发展有限公司,浙江,330181000031801
杭州前进齿轮箱集团股份有限公司,浙江,330181000004255
杭州士兰微电子股份有限公司,浙江,330000000052991
杭州天马时控科技有限公司,浙江,330100000092477
杭州富阳交通发展投资集团有限公司,浙江,330183000012456
杭州市城市建设发展有限公司,浙江,330100000074750
杭州市实业投资集团有限公司,浙江,330100000031027
杭州市设备安装有限公司,浙江,330100000029181
杭州帷盛科技有限公司,浙江,330108000042568
杭州建工混凝土有限公司,浙江,330105000055525
杭州易辰孚特汽车零部件有限公司,浙江,330185000050136
杭州深瑞水务有限公司,浙江,330105000012824
杭州益维汽车工业有限公司,浙江,330198000018057
杭州西子孚信科技有限公司,浙江,330100400050720
杭州钢铁股份有限公司,浙江,330000000025370
杭州钱江四桥经营有限公司,浙江,330100000206174
桐昆集团股份有限公司,浙江,330000000014744
横店集团东磁股份有限公司,浙江,330000000013406
江南阀门有限公司,浙江,330303000004676
沪光集团有限公司,浙江,330382000008225
浙江万丰奥威汽轮股份有限公司,浙江,330000000002915
浙江万里扬变速器股份有限公司,浙江,330700400004109
浙江万马股份有限公司,浙江,330000000002087
浙江东冠通信技术股份有限公司,浙江,330108000009173
浙江中欣化工股份有限公司,浙江,330600000009526
浙江亘古电缆股份有限公司,浙江,331000400002900
浙江亚厦装饰股份有限公司,浙江,330000000002564
浙江京新控股有限公司,浙江,330624000025860
浙江传化股份有限公司,浙江,330000000005534
浙江余姚工业园区开发建设投资有限公司,浙江,330281000112497
浙江允升投资集团有限公司,浙江,330400000000024
浙江创联信息技术股份有限公司,浙江,330000000031147
浙江升华拜克生物股份有限公司,浙江,330000400001808
浙江华金康工贸有限公司,浙江,330504000010131
浙江南浔古镇旅游发展有限公司,浙江,330504000022128
浙江博世华环保科技有限公司,浙江,330100000028445
浙江吉利控股集团有限公司,浙江,330000000011822
浙江向日葵光能科技股份有限公司,浙江,330600400004037
浙江嘉澳环保科技股份有限公司,浙江,330400400001753
浙江夏之远船舶经营有限公司,浙江,330921000003400
浙江大东吴集团建材构配件有限公司,浙江,330500000005788
浙江大东吴集团钢构有限公司,浙江,330500000000707
浙江大港印染有限公司,浙江,330506000004997
浙江大立科技股份有限公司,浙江,330000000021772
浙江天台公路运输有限公司,浙江,331023000018795
浙江天地钢结构有限公司,浙江,330800000021504
浙江天子湖实业投资有限公司,浙江,330523000003041
浙江太子龙实业发展有限公司,浙江,330181000050424
浙江太湖新城实业投资有限公司,浙江,330522000068284
浙江安吉修竹绿化工程有限公司,浙江,330523000017051
浙江富春江环保热电股份有限公司,浙江,330183000011082
浙江富立轴承钢管有限公司,浙江,330600400007019
浙江尖峰集团股份有限公司,浙江,330000000009457
浙江平湖华龙实业股份有限公司,浙江,330482000002455
浙江康恩贝制药股份有限公司,浙江,330000000010348
浙江康盛股份有限公司,浙江,330000000000265
浙江康迪车业有限公司,浙江,330700400009025
浙江彭公竹制品有限公司,浙江,330184000023336
浙江恩悠工贸有限公司,浙江,330723000018425
浙江报喜鸟服饰股份有限公司,浙江,330000000012956
浙江新三印印染有限公司,浙江,330621000172443
浙江明牌珠宝股份有限公司,浙江,330600400004957
浙江景兴纸业股份有限公司,浙江,330000400000326
浙江朝晖过滤技术股份有限公司,浙江,330000400003027
浙江森禾花卉科技有限公司,浙江,330000000036452
浙江欧亚薄膜材料有限公司,浙江,330000400001162
浙江正泰电器股份有限公司,浙江,330000000007234
浙江永利经编股份有限公司,浙江,330000000024570
浙江浙大网新图灵信息科技有限公司,浙江,330000000037986
浙江浦江百炼化工有限公司,浙江,330726000002640
浙江海普顿新材料股份有限公司,浙江,330184000075610
浙江海正药业股份有限公司,浙江,330000000037277
浙江海翔药业股份有限公司,浙江,330000000004437
浙江画之都文化创意股份有限公司,浙江,330782000020748
浙江百德纺织有限公司,浙江,330500400009737
浙江盾安人工环境股份有限公司,浙江,330000000019079
浙江省围海建设集团股份有限公司,浙江,330200000002881
浙江省国有资本运营有限公司,浙江,330000000075117
浙江省基础建设投资集团股份有限公司,浙江,330000000015920
浙江省浙商资产管理有限公司,浙江,330000000070558
浙江省诸暨市龙翔纤维有限公司,浙江,330681000048777
浙江绩丰岩土技术股份有限公司,浙江,330000000025482
浙江网新联合工程有限公司,浙江,330000000052493
浙江航民股份有限公司,浙江,330000000007710
浙江荣翔实业有限公司,浙江,330100000146709
浙江西塘旅游文化发展有限公司,浙江,330421000006439
浙江鑫达建设有限公司,浙江,330405000004269
浙江银轮机械股份有限公司,浙江,330000000001104
浙江长兴环太湖经济投资开发有限公司,浙江,330522000001774
浙江长荣建设工程有限公司,浙江,330104000039249
浙江骆氏减震件股份有限公司,浙江,331000000022137
海亮集团有限公司,浙江,330681000006692
海宁市交通投资集团有限公司,浙江,330481000015127
海宁市城市发展投资集团有限公司,浙江,330481000015959
海宁森德皮革有限公司,浙江,330400400020153
温州市旭升鞋业有限公司,浙江,330304000018396
湖州南太湖龟鳖特种养殖有限公司,浙江,330500000013681
湖州南浔振浔污水处理有限公司,浙江,330504000018822
湖州厉华妤婕联合纺织有限公司,浙江,330500400007684
湖州吴兴东部新农村建设投资有限公司,浙江,330500000008784
湖州吴兴南太湖建设投资有限公司,浙江,330500000006955
湖州城西新农村建设投资有限公司,浙江,330508000040726
湖州天外绿色包装印刷有限公司,浙江,330500000004890
湖州市中兴建设开发公司,浙江,330500000019390
湖州新城公用工程有限公司,浙江,330500000018410
湖州春语建设有限公司,浙江,330504000002439
湖州珍贝羊绒制品有限公司,浙江,330506000000418
湖州金冶电子材料股份有限公司,浙江,330500000014826
湖州金泰科技股份有限公司,浙江,330503000004683
瑞安华峰小额贷款股份有限公司,浙江,330300000028049
瑞安市水务集团有限公司,浙江,330381000072781
祥源控股集团有限责任公司,浙江,330600000032825
绍兴县汇金小额贷款股份有限公司,浙江,330600000049017
绍兴市上虞区交通投资有限公司,浙江,330682000038862
绍兴市协通实业发展有限公司,浙江,330600000131665
绍兴市城中村改造建设投资有限公司,浙江,330600000146583
绍兴市城北新城建设投资有限公司,浙江,330600000023688
绍兴市柯桥区中心城建设投资开发有限公司,浙江,330621000061213
绍兴市柯桥区国有资产投资经营有限公司,浙江,330621000191941
绍兴新锐传媒影视文化发展有限公司,浙江,330600000059650
绍兴杰龙玻璃有限公司,浙江,330600400003948
绍兴益泉大酒店有限公司,浙江,330600000011631
绿城房地产集团有限公司,浙江,330000400003272
美都经贸浙江有限公司,浙江,330000000023034
美都能源股份有限公司,浙江,330000000018153
联化科技股份有限公司,浙江,330000000000312
舟山中昌海运有限责任公司,浙江,330900000002019
舟山市德勤物流有限公司,浙江,330902000023353
舟山港集团有限公司,浙江,330900000008245
苍南联信小额贷款股份有限公司,浙江,330300000026504
荣安地产股份有限公司,浙江,330200000013909
荣盛石化股份有限公司,浙江,330000000008840
衢州市柯城区利民城乡建设投资开发有限责任公司,浙江,330800000042583
诸暨市水务集团有限公司,浙江,330681000102229
长兴交通投资集团有限公司,浙江,330522000018206
长兴南太湖投资开发有限公司,浙江,330522000027135
长兴县公路工程有限责任公司,浙江,330522000006413
长兴县永兴建设开发有限公司,浙江,330522000019098
长兴城市建设有限公司,浙江,330522000002293
露笑科技股份有限公司,浙江,330681000012331
飞虎科技有限公司,浙江,330483000056125
黎明液压有限公司,浙江,330302000030185


中城建第六工程局集团有限公司,安徽,340313000002482
中弘控股股份有限公司,安徽,340000000018072
中粮生物化学（安徽）股份有限公司,安徽,340000000001255
凯盛重工有限公司,安徽,340400000030136
利辛县春蕾农业发展有限责任公司,安徽,341623000001388
华孚色纺股份有限公司,安徽,340000000022641
天瑞集团萧县水泥有限公司,安徽,341322000008654
奥盛新材料股份有限公司,安徽,340500400000967
安徽华安达集团工艺品有限公司,安徽,341522000002319
安徽华岳矿物材料有限公司,安徽,340828000020014
安徽华茂纺织股份有限公司,安徽,340000000025385
安徽天润化学工业股份有限公司,安徽,340000400004104
安徽宣酒集团股份有限公司,安徽,342500000019258
安徽山鹰纸业股份有限公司,安徽,340000000014295
安徽恩龙园林股份有限公司,安徽,342502000003851
安徽海螺水泥股份有限公司,安徽,340000000000081
安徽淮河化工股份有限公司,安徽,340000000046437
安徽湖滨建设集团有限公司,安徽,340000000003437
安徽白兔湖动力股份有限公司,安徽,340881000041631
安徽皖江物流（集团）股份有限公司,安徽,340000000042587
安徽皖通高速公路股份有限公司,安徽,340000400002623
安徽省司尔特肥业股份有限公司,安徽,342500000007690
安徽省路网交通建设集团有限公司,安徽,340100000099746
安徽胜昔新材料科技有限公司,安徽,341500000163966
安徽蓝博旺机械集团,安徽,341521000030416
安徽金农生物技术有限公司,安徽,340106000023517
安徽金禾实业股份有限公司,安徽,341100000007764
寿县农业发展投资有限公司,安徽,341521000013920
正奇安徽金融控股有限公司,安徽,340100000705195
芜湖亚夏汽车股份有限公司,安徽,340200000018594
芜湖海螺型材科技股份有限公司,安徽,340000000017738
芜湖金牛电气股份有限公司,安徽,340223000012929
郎溪道其建设工程有限公司,安徽,342522000006201
长江精工钢结构（集团）股份有限公司,安徽,340000000022295
马鞍山钢铁股份有限公司,安徽,340000400002545


中国武夷实业股份有限公司,福建,350000100029637
中恒通（福建）机械制造有限公司,福建,350824100002276
冠城大通股份有限公司,福建,350000400000309
冠科（福建）电子科技实业有限公司,福建,350500400013970
华珠（泉州）鞋业有限公司,福建,350500400023369
华电福新能源股份有限公司,福建,350000100004157
厦门住宅建设集团有限公司,福建,350200100012016
厦门厦工机械股份有限公司,福建,350200100004303
厦门合兴包装印刷股份有限公司,福建,350200400019124
厦门圣达威服饰有限公司,福建,350203200117749
厦门梅花光电科技有限公司,福建,350200400032441
厦门禹洲鸿图地产开发有限公司,福建,350200490002255
国脉科技股份有限公司,福建,350000100002879
富贵鸟股份有限公司,福建,350500400054138
永安旭长实业有限公司,福建,350481100007270
泉州市汉威机械制造有限公司,福建,350500100014830
泰禾集团股份有限公司,福建,350000100016163
漳州发展水务集团有限公司,福建,350600100024200
漳州市九龙江集团有限公司,福建,350600100034416
漳州市交通发展集团有限公司,福建,350600100035714
漳州片仔癀药业股份有限公司,福建,350000100024317
环球石材（福建）有限公司,福建,350500400007615
盛屯矿业集团股份有限公司,福建,350200100006321
福建三钢闽光股份有限公司,福建,350000100009562
福建利树浆纸有限公司,福建,350783100007092
福建发展高速公路股份有限公司,福建,350000100010861
福建圣农发展股份有限公司,福建,350000100010183
福建泰龙电力股份有限公司,福建,350200200006837
福建漳州发展股份有限公司,福建,350000100031275
福建漳龙集团有限公司,福建,350600100018946
福建省三明纺织股份有限公司,福建,350400100006657
福建省客家土楼旅游发展有限公司,福建,350822100000399
福建省投资开发集团有限责任公司,福建,350000100028716
福建省求质体育用品有限公司,福建,350500400018896
福建省能源集团有限责任公司,福建,350000100016083
福建省邵武京天工艺有限公司,福建,350781100009400
福建阳光集团有限公司,福建,350000100007528
联发集团有限公司,福建,350200400009372
航天工业发展股份有限公司,福建,350000100019539
贵人鸟股份有限公司,福建,350500400022497
邵武市中鼎竹业有限公司,福建,350781100008185
闽西兴杭国有资产投资经营有限公司,福建,350823100004953
阳光城集团股份有限公司,福建,350000100012308
龙岩北山煤矿有限责任公司,福建,350000100008738


九江市北门旅游开发建设有限公司,江西,360402110000576
九江金凤凰装饰材料有限公司,江西,360400520001873
南昌市政公用投资控股有限责任公司,江西,360100110012204
安源煤业集团股份有限公司,江西,360000110008833
新余钢铁股份有限公司,江西,360000521000025
景德镇市国有资产经营管理有限公司,江西,360200110000572
江中药业股份有限公司,江西,360000110004725
江西万年青水泥股份有限公司,江西,360000110006330
江西华春色纺科技发展有限公司,江西,360921210003964
江西南昌旅游集团有限公司,江西,360100110010151
江西有色建设集团有限公司,江西,360000110002834
江西正邦科技股份有限公司,江西,360000511000013
江西沃格光电股份有限公司,江西,360500210021945
江西洪城水业股份有限公司,江西,360000110007679
江西省路桥工程集团有限公司,江西,360000210005072
江西绿保木竹有限公司,江西,360924210001954
江西赣粤高速公路股份有限公司,江西,360000110007603
江西长运股份有限公司,江西,360000110006516
泰豪科技股份有限公司,江西,360000110005386


东君乳业（禹城）有限公司,山东,371400400000937
东营科力化工有限公司,山东,370523228008543
临沂医药集团有限公司,山东,371300018021718
临沂天喜实业有限责任公司,山东,371302228007678
兖州煤业股份有限公司,山东,370000400001016
冠县港海薄板有限公司,山东,371525228002450
南山集团有限公司,山东,370681018010341
城发投资集团有限公司,山东,370211018020848
威海市国有资本运营有限公司,山东,371000000001467
寿光市金海投资开发有限公司,山东,370783200017940
寿光市鲁丽木业有限公司,山东,370783018004998
山东万思顿农业产业园有限公司,山东,371624228004973
山东三星集团有限公司,山东,371626228004803
山东中文实业集团有限公司,山东,370781228005362
山东中磁视讯股份有限公司,山东,370000228048848
山东乳山维多利亚海湾旅游开发股份有限公司,山东,371083018013641
山东众冠钢板有限公司,山东,371500228042880
山东南山铝业股份有限公司,山东,370000018024165
山东博润实业有限公司,山东,370783228002329
山东博特精工股份有限公司,山东,370800228082904
山东博瑞格生物资源制品有限公司,山东,371200400001484
山东墨龙石油机械股份有限公司,山东,370000400000030
山东天宝建设集团有限公司,山东,370000018036962
山东天泰钢塑有限公司,山东,371526228007229
山东如意科技集团有限公司,山东,370800400001688
山东姜仔鸭农业产业集团有限公司,山东,370923200001910
山东威斯特车业有限公司,山东,370420200002373
山东寿光神润发海洋化工有限公司,山东,370783228076979
山东恒通膨胀节制造有限公司,山东,370902228004644
山东恒邦冶炼股份有限公司,山东,370000228037525
山东惠泽农牧科技有限公司,山东,371626228012942
山东新宇包装股份有限公司,山东,371424228001518
山东晨鸣纸业集团股份有限公司,山东,370000400001170
山东泉兴中联水泥有限公司,山东,370400000003260
山东泰丰制动系统科技股份有限公司,山东,370783228026457
山东泰丰矿业集团有限公司,山东,370000018071750
山东派森科技有限公司,山东,371428200001965
山东海洋投资有限公司,山东,370000000002246
山东海益宝水产股份有限公司,山东,3702002806587-A
山东润峰集团新能源科技有限公司,山东,370826200001001
山东滨州新天阳化工有限责任公司,山东,371600228018133
山东焦化集团有限公司,山东,370300228093961
山东物流集团（青岛）有限公司,山东,370220228000808
山东玉皇化工有限公司,山东,371728018000186
山东畅通路桥股份有限公司,山东,370785228002009
山东省博发油脂有限公司,山东,371728200001327
山东胜伟园林科技有限公司,山东,370726228019971
山东赛特新材料股份有限公司,山东,370300400001666
山东金茂纺织化工集团有限公司,山东,370524228008573
山东金阳矿业集团有限公司,山东,370000018075760
山东金鹏生物科技有限公司,山东,371482028004485
山东钛宝钛业有限公司,山东,370903200002604
山东钢铁集团有限公司,山东,370000000000277
山东阳谷华泰化工股份有限公司,山东,371521228000437
山东高唐泉洁纸业有限公司,山东,371526228005364
山东高速股份有限公司,山东,370000018045596
山东黄金矿业股份有限公司,山东,370000018059438
希努尔男装股份有限公司,山东,370700400007668
招金矿业股份有限公司,山东,370000018082374
文登张家埠新港工程有限公司,山东,371081200000276
日照港股份有限公司,山东,370000018076502
昌邑市明兴饲料有限责任公司,山东,370786228014375
枣庄南郊热电有限公司,山东,370400018013257
济南群康食品有限公司,山东,370100000041069
济南高新控股集团有限公司,山东,370127000000314
济宁中科环保电力有限公司,山东,370800200014771
济宁四和供热有限公司,山东,370800018014087
济宁碳素集团有限公司,山东,370811018000073
潍坊振富工贸有限公司,山东,370785200007671
潍坊金正食品股份有限公司,山东,370783228004564
莒南县鸿润食品有限公司,山东,371300400003929
莱芜信通印刷设备有限公司,山东,371220228002932
西王集团有限公司,山东,371626018009778
诸城威仕达机械有限公司,山东,370700400009260
赛轮金宇集团股份有限公司,山东,370211228042403
软控股份有限公司,山东,370200018065259
金乡县华光食品进出口有限公司,山东,370828228005222
锦昉棉业科技有限公司,山东,370785200005063
青岛三特电器集团有限公司,山东,370282230020608
青岛国际橡胶交易市场有限公司,山东,370220228012426
青岛宁泰鑫环保科技股份有限公司,山东,370200230022360
青岛市城阳蔬菜水产品批发市场有限公司,山东,370214018012160
青岛市恒顺众昇集团股份有限公司,山东,370214018001595
青岛澳洋塑料制品有限公司,山东,370211018021548
青岛豪士诚能源科技有限公司,山东,370211230001853
青岛金王应用化学股份有限公司,山东,370282400001546
青岛银河环保股份有限公司,山东,370200228055106
青州市宏利水务有限公司,山东,370781018002571
高密思美尔服饰有限公司,山东,370700400007869
魏桥纺织股份有限公司,山东,370000018046763
鲁信创业投资集团股份有限公司,山东,370000018008727
鲁西化工集团股份有限公司,山东,370000018010623


中信重工机械股份有限公司,河南,410300110053941
中建投工程技术有限公司,河南,410192000013162
中航光电科技股份有限公司,河南,410000100020142
天瑞集团水泥有限公司,河南,410000400000254
好想你枣业股份有限公司,河南,410184100001492
安阳钢铁股份有限公司,河南,410000100050278
平顶山天安煤业股份有限公司,河南,410000100020038
平顶山平临高速公路有限责任公司,河南,410400400000664
新郑市政通投资控股有限公司,河南,410184000019330
河南中孚实业股份有限公司,河南,410000100009840
河南中孚电力有限公司,河南,410000400000801
河南佳源乳业股份有限公司,河南,411100100013450
河南太平种猪繁育有限公司,河南,410725100002249
河南平高电气股份有限公司,河南,410000100012284
河南新野纺织股份有限公司,河南,410000000022187
河南瑞贝卡发制品股份有限公司,河南,410000100001152
河南省天润包装有限公司,河南,410195000000099
河南省平顶山中亚路桥建设工程有限公司,河南,410491100003775
河南裕华新材料股份有限公司,河南,410822100000450
河南辉煌科技股份有限公司,河南,410100000015035
河南银鸽实业投资股份有限公司,河南,410000100016929
河南黄河旋风股份有限公司,河南,410000000023368
济源市济康科技有限公司,河南,419001000042126
济源市济晋高速公路有限公司,河南,410881100004107
濮阳濮耐高温材料（集团）股份有限公司,河南,410900100000342
焦作万方铝业股份有限公司,河南,410000000024184
焦作市建设投资（控股）有限公司,河南,410800000003226
第一拖拉机股份有限公司,河南,410000400013049
许继电气股份有限公司,河南,410000100052224
雏鹰农牧集团股份有限公司,河南,410184100001360


中航工业机电系统股份有限公司,湖北,420000000005070
九州通医药集团股份有限公司,湖北,420000400000103
华新水泥股份有限公司,湖北,420000400000283
华远地产股份有限公司,湖北,429005000006101
孝昌县供水有限公司,湖北,4209211146732
孝昌杰行体育用品有限公司,湖北,420921207100512
宜昌三峡机场有限责任公司,湖北,420500000043314
恩施山寨皮革有限公司,湖北,422801000016534
武汉三镇实业控股股份有限公司,湖北,420100000071259
武汉丰太建筑有限公司,湖北,420100000028093
武汉丹枫白露酒店管理有限公司,湖北,420102000150252
武汉凯迪电力工程有限公司,湖北,420100000046380
武汉医药（集团）股份有限公司,湖北,420100000094164
武汉南华黄冈江北造船有限公司,湖北,421100000000795
武汉南国置业股份有限公司,湖北,420100000009433
武汉四方交通物流有限责任公司,湖北,420112000045587
武汉天捷重型装备股份有限公司,湖北,420100000116825
武汉建工第二建筑有限公司,湖北,420100000085549
武汉开来建设集团有限公司,湖北,420113000004593
武汉当代科技产业集团股份有限公司,湖北,420100000024936
武汉新昌印务有限公司,湖北,420100000084492
武汉新港建设投资开发集团有限公司,湖北,420100000166822
武汉新能实业发展有限公司,湖北,420100000179537
武汉新诚高铁市政工程有限公司,湖北,420100000148564
武汉钢铁股份有限公司,湖北,420100000161301
湖北世纪新峰雷山水泥有限公司,湖北,420700000036293
湖北兴发化工集团股份有限公司,湖北,420000000007536
湖北华丽食品股份有限公司,湖北,421123000006139
湖北国创高新材料股份有限公司,湖北,420000000002401
湖北宜化化工股份有限公司,湖北,420000000032278
湖北恒基腾达商品混凝土有限公司,湖北,429005000006216
湖北楚天高速公路股份有限公司,湖北,420000000028079
湖北清能地产集团有限公司,湖北,420000000013108
湖北省长江产业投资集团有限公司,湖北,420000000045645
湖北福星生物科技有限公司,湖北,4209842111966
湖北福星科技股份有限公司,湖北,420000000029014
湖北能源集团股份有限公司,湖北,420000000022957
湖北金叶玉阳化纤有限公司,湖北,420582000000231
湖北顺泰建设有限公司,湖北,420113000004712
湖北黄山头酒业有限公司,湖北,421022000003171
老河口市公路建设有限责任公司,湖北,420682000001523
襄阳华中光彩大市场物业管理有限公司,湖北,420621000010386
钟祥市宏达实业发展有限公司,湖北,420881000253716
骆驼集团股份有限公司,湖北,420000000010087


中科恒源科技股份有限公司,湖南,430000000039509
中联重科股份有限公司,湖南,430000400000198
华容县鑫源农业发展有限公司,湖南,430623000008950
嘉禾县自来水有限责任公司,湖南,431024000008555
大汉城镇建设有限公司,湖南,430100000093641
岳阳市云河建设开发有限公司,湖南,430600000016355
岳阳林纸股份有限公司,湖南,430000000005066
常德市城市公用资产经营管理有限公司,湖南,430700000014208
常德市金禹水利投资有限公司,湖南,430700000021481
张家界天门旅游经济投资有限责任公司,湖南,430802000000942
攸县宝悦市场建设有限公司,湖南,430223000012720
株洲市华强云峰湖片区建设开发有限公司,湖南,430200000053079
株洲市国有资产投资控股集团有限公司,湖南,430200000003555
株洲市城市建设发展集团有限公司,湖南,430200000000737
株洲市湘江风光带建设开发有限公司,湖南,430200000045677
株洲市金科建设投资经营有限责任公司,湖南,430200000048583
株洲循环经济投资发展集团有限公司,湖南,430200000028129
株洲新芦淞航空城产业发展有限公司,湖南,430200000053142
株洲高科建设工程有限公司,湖南,430211000000644
株洲高科集团有限公司,湖南,430211000000298
桂阳县市政工程有限公司,湖南,431021000001466
武冈市综合交通投资有限公司,湖南,430581000006924
永州市凤凰园经济开发有限责任公司,湖南,431100000014359
汝城县水电有限责任公司,湖南,431026000003049
浏阳市水利建设投资有限公司,湖南,430181000061197
浏阳鼎盛投资有限公司,湖南,430181000008607
湖南华兴工程建设有限公司,湖南,430422000005451
湖南大康牧业股份有限公司,湖南,430000000012287
湖南平江常胜建设发展有限公司,湖南,430626000003345
湖南德山建设投资股份有限公司,湖南,430700000012180
湖南洞庭资源开发有限公司,湖南,430624000005037
湖南盈德气体有限公司,湖南,430200400000373
湖南省高速公路投资集团有限公司,湖南,430000000049248
湖南黄金股份有限公司,湖南,430000000009049
湘潭九华经济建设投资有限公司,湖南,430300000006929
湘潭市两型社会建设投融资有限公司,湖南,430300000028319
湘潭电机股份有限公司,湖南,430300000028394
衡阳衡拖农机制造有限公司,湖南,430400000030800
袁隆平农业高科技股份有限公司,湖南,430000000047752
资兴市苏佳物资环保有限公司,湖南,431081000002738
道县财源建设有限公司,湖南,431124000005289
邵东新区开发建设投资有限责任公司,湖南,430521000005492
郴州市槐海服务发展有限责任公司,湖南,431000000015052
郴州市金贵银业股份有限公司,湖南,431000000003619
郴州福升投资开发有限公司,湖南,431000000002466


万科企业股份有限公司,广东,440301102900139
东江环保股份有限公司,广东,440301103492937
东瑞食品集团有限公司,广东,441600000018448
东莞勤上光电股份有限公司,广东,441900400020131
东莞发展控股股份有限公司,广东,440000400012803
东莞市搜于特服装股份有限公司,广东,441900000458309
中兴通讯股份有限公司,广东,440301103852869
中国南方航空股份有限公司,广东,440000400012565
中国南玻集团股份有限公司,广东,440301501125544
中山公用事业集团股份有限公司,广东,440000000047235
中山市城市建设投资集团有限公司,广东,442000000000332
中海地产集团有限公司,广东,440301501130719
中炬高新技术实业（集团）股份有限公司,广东,440000000000276
中粮地产（集团）股份有限公司,广东,440301103197805
中顺洁柔纸业股份有限公司,广东,442000400013713
佛山华新包装股份有限公司,广东,440000000005147
佛山市国星光电股份有限公司,广东,440600000000669
佛山市富士宝电器科技股份有限公司,广东,440600400001762
佛山市建通混凝土制品有限公司,广东,440600400010798
佛山欧神诺陶瓷股份有限公司,广东,440600400003717
保利房地产（集团）股份有限公司,广东,440101000010262
健康元药业集团股份有限公司,广东,440301501126176
华润三九医药股份有限公司,广东,440301103302647
增城市碧桂园物业发展有限公司,广东,440101400005399
奥园集团有限公司,广东,440101400004453
宜华企业（集团）有限公司,广东,440583000009060
岭南园林股份有限公司,广东,441900000175385
广东万家乐股份有限公司,广东,440000000060574
广东东方锆业科技股份有限公司,广东,440000000020832
广东东阳光科技控股股份有限公司,广东,440200000013599
广东乐陶陶药业股份有限公司,广东,440000000020816
广东南洋电缆集团股份有限公司,广东,440000000035814
广东天安新材料股份有限公司,广东,440600400000938
广东奥飞动漫文化股份有限公司,广东,440500000004759
广东德豪润达电气股份有限公司,广东,440000000042803
广东昭信照明科技有限公司,广东,440682400000386
广东榕泰实业股份有限公司,广东,440000000003012
广东水电二局股份有限公司,广东,440000000027515
广东海大集团股份有限公司,广东,440000400000891
广东海纳农业有限公司,广东,441302000029998
广东海航乐万家连锁超市有限公司,广东,441400000005996
广东电力发展股份有限公司,广东,440000400015088
广东省粤科金融集团有限公司,广东,440000000098903
广东省高速公路发展股份有限公司,广东,440000400006921
广东科达洁能股份有限公司,广东,440000000016993
广东粤运交通股份有限公司,广东,440000400013429
广东肇庆星湖生物科技股份有限公司,广东,441200000028883
广东豪美铝业股份有限公司,广东,441800400002643
广东金刚玻璃科技股份有限公司,广东,440000400008291
广东锦龙发展股份有限公司,广东,440000000021235
广州东华实业股份有限公司,广东,440101000086242
广州中电物业投资有限公司,广东,440101000037154
广州华工百川科技有限公司,广东,440101000005561
广州南菱汽车股份有限公司,广东,440101000015073
广州发展集团股份有限公司,广东,440101000196724
广州富力地产股份有限公司,广东,440101000122997
广州市冠誉铝箔包装材料有限公司,广东,440108400005303
广州市时代地产集团有限公司,广东,440101400006004
广州市香雪制药股份有限公司,广东,440000000024049
广州恒运企业集团股份有限公司,广东,440101000078533
广州普邦园林股份有限公司,广东,440101000113186
广州智光电气股份有限公司,广东,440101000007776
广州杰赛科技股份有限公司,广东,440101000006499
广州毅昌科技股份有限公司,广东,440101000070490
广州汽车集团股份有限公司,广东,440101000009080
广州浩越能源科技有限公司,广东,440101000131684
广州番禺海怡房地产开发有限公司,广东,440126400019670
广州耀轮车业有限公司,广东,440101400165481
广州越秀集团有限公司,广东,440101000047177
康美药业股份有限公司,广东,440000000006711
廉江一品木业有限公司,广东,440800400006771
新达通科技股份有限公司,广东,440301102751475
星辉互动娱乐股份有限公司,广东,440583000002652
格林美股份有限公司,广东,440301102802586
梅州宝龙集团有限公司,广东,441400000004810
梅州市华宏水利水电工程有限公司,广东,441424000003914
棕榈园林股份有限公司,广东,442000000073974
欣旺达电子股份有限公司,广东,440306102879581
比亚迪股份有限公司,广东,440301501127941
汕头花园集团有限公司,广东,440500000009561
江门市新会银海发展有限公司,广东,440782000003530
泛海控股股份有限公司,广东,440301103314955
浩蓝环保股份有限公司,广东,440101000003322
深圳宝航建设集团股份有限公司,广东,440306102770442
深圳市万极科技股份有限公司,广东,440301103053182
深圳市中洲投资控股股份有限公司,广东,440301103813177
深圳市为海建材有限公司,广东,440307103945465
深圳市优凯思投资顾问有限公司,广东,440306103261187
深圳市佳捷现代物流有限公司,广东,440301104521373
深圳市佳鸿贸易发展有限公司,广东,440301105218558
深圳市嘉力达实业有限公司,广东,440301102936985
深圳市巨龙科教高技术股份有限公司,广东,440301102865915
深圳市怡亚通供应链股份有限公司,广东,440301501127886
深圳市振业（集团）股份有限公司,广东,440301103341062
深圳市机场股份有限公司,广东,440301103462216
深圳市沃尔核材股份有限公司,广东,440301103192391
深圳市海格物流股份有限公司,广东,440301102773333
深圳市深华运输实业有限公司,广东,440301105100733
深圳市爱施德股份有限公司,广东,440301102941368
深圳市科陆电子科技股份有限公司,广东,440301102889667
深圳市立业集团有限公司,广东,440301102952768
深圳市芭田生态工程股份有限公司,广东,440301103043436
深圳市莲花山园林有限公司,广东,440301103511565
深圳市证通电子股份有限公司,广东,440301103106038
深圳市铭可达物流有限公司,广东,440306105580993
深圳市长途汽车客运有限公司,广东,440301103202589
深圳市龙丹食品有限公司,广东,440301103785800
深圳市龙运发汽车服务有限公司,广东,440307102726087
深圳广田装饰集团股份有限公司,广东,440301103001135
深圳欧菲光科技股份有限公司,广东,440301501122288
深圳翰宇药业股份有限公司,广东,440301103008894
深圳赤湾港航股份有限公司,广东,440301501124494
深圳赤湾石油基地股份有限公司,广东,440301501124066
深圳香江控股股份有限公司,广东,440301103050934
深圳高速公路股份有限公司,广东,440301104056451
瀚蓝环境股份有限公司,广东,440682000088499
珠海中富实业股份有限公司,广东,440400400015843
珠海华发实业股份有限公司,广东,440400000065217
珠海华城环保科技有限公司,广东,440400000271851
珠海格力房产有限公司,广东,440400000035200
珠海格力海岛投资有限公司,广东,440400000199681
珠海港股份有限公司,广东,440400000142072
花样年集团（中国）有限公司,广东,440301503254932
邦信资产管理有限公司,广东,440301102880969
金发科技股份有限公司,广东,440101000176979
金地（集团）股份有限公司,广东,440301103379518
飞亚达（集团）股份有限公司,广东,440301103196089
黑牛食品股份有限公司,广东,440500000006199


南宁威宁投资集团有限责任公司,广西,450100000128441
南宁糖业股份有限公司,广西,450000000000566
广西万通房地产有限公司,广西,450100400000389
广西威壮交通建筑设施有限公司,广西,450100200027471
广西来宾城建投资集团有限公司,广西,451300000002431
广西柳州市建设投资开发有限责任公司,广西,450200000011068
广西柳工机械股份有限公司,广西,450200200019035
广西桂东电力股份有限公司,广西,451100000001071
广西桂冠电力股份有限公司,广西,450000000014361
广西正润发展集团有限公司,广西,451100000001645
广西物资集团有限责任公司,广西,450000000008853
广西金融投资集团有限公司,广西,450000000014798
广西铁路投资集团有限公司,广西,450000000015266
柳州化工股份有限公司,广西,450200000016746
柳州钢铁股份有限公司,广西,450200000000013
百色百矿集团有限公司,广西,451000000008712


三亚凤凰国际机场有限责任公司,海南,460200000006138
广晟有色金属股份有限公司,海南,460000000131809
洲际油气股份有限公司,海南,460000000129299
海南海岛建设股份有限公司,海南,460000000124560
海南海航迎宾馆有限公司,海南,460000000140012
海南海药股份有限公司,海南,460000000147194
海南瑞泽新型建材股份有限公司,海南,460200000013116
海南航空股份有限公司,海南,460000400002151
海口美兰国际机场有限责任公司,海南,460000000101216
海航基础产业集团有限公司,海南,460000000265072
海航基础股份有限公司,海南,460000400002926


中房地产股份有限公司,重庆,500000000006873
力帆实业（集团）股份有限公司,重庆,500000400026769
华邦生命健康股份有限公司,重庆,500000000002774
开县汉丰湖综合开发有限公司,重庆,500234000008507
梁平县兴路道路桥梁工程有限公司,重庆,500228100001142
武隆县投资有限责任公司,重庆,500232000003942
瀚华金控股份有限公司,重庆,500000000002364
酉阳县桃花源旅游投资（集团）有限公司,重庆,500242000002220
重庆万盛旅业（集团）有限公司,重庆,500110000001207
重庆三友机器制造有限责任公司,重庆,500000400017721
重庆云厦实业有限公司,重庆,500235000005963
重庆亚德科技股份有限公司,重庆,500901000018748
重庆共享工业投资有限公司,重庆,500106000015283
重庆北鼎建设开发有限公司,重庆,500383000018941
重庆升厦建设（集团）有限公司,重庆,500382000012756
重庆华联商厦鸿瑞百货有限公司,重庆,500108000001472
重庆国信投资控股有限公司,重庆,500000400046048
重庆大足石刻国际旅游集团有限公司,重庆,500225000001963
重庆天彩铝业有限公司,重庆,500102000007438
重庆宗申动力机械股份有限公司,重庆,500000000003603
重庆对外经贸（集团）有限公司,重庆,500000000001757
重庆市南川区昌达交通投资有限公司,重庆,500384000008533
重庆市南川区易博公路工程有限责任公司,重庆,500384000006157
重庆市南州水务（集团）有限公司,重庆,500222000008178
重庆市巴南建设（集团）有限公司,重庆,500113000036295
重庆市德感工业园区建设有限公司,重庆,500381000011195
重庆市德感建筑安装工程有限公司,重庆,500381000011031
重庆市梁平张鸭子食品有限公司,重庆,500228000002429
重庆市涪陵交通旅游建设投资集团有限公司,重庆,500102000002554
重庆市涪陵区宏伟公路工程有限公司,重庆,500102000014197
重庆市涪陵区民用爆破器材专营有限公司,重庆,500102000023422
重庆市涪陵国有资产投资经营集团有限公司,重庆,500102000020959
重庆市涪陵武陵山旅游开发有限公司,重庆,500102000009525
重庆市福星门业（集团）有限公司,重庆,500107000018385
重庆市轨道交通（集团）有限公司,重庆,500000000002942
重庆市迪马实业股份有限公司,重庆,500000000003695
重庆市长寿区丰碑建设有限公司,重庆,500221000015822
重庆市长寿区浩湖渔业有限公司,重庆,500221000024583
重庆市黔江区八方建筑工程有限责任公司,重庆,500900000004280
重庆市黔江区城市建设投资（集团）有限公司,重庆,500900000002714
重庆广建装饰股份有限公司,重庆,500105000013226
重庆建峰化工股份有限公司,重庆,500000000003898
重庆惠通路桥工程有限责任公司,重庆,500108000040847
重庆新禹投资（集团）有限公司,重庆,500900000001141
重庆机电股份有限公司,重庆,500000000000311
重庆水务集团股份有限公司,重庆,500000000003412
重庆永鹏网络科技股份有限公司,重庆,500901000033334
重庆渝宏公路工程（集团）有限责任公司,重庆,500000000004850
重庆渝开发股份有限公司,重庆,500000000005053
重庆潜能燃气股份有限公司,重庆,500000000003574
重庆绅鹏实业开发有限公司,重庆,500224000003803
重庆西彭铝产业区开发投资有限公司,重庆,500107000038118
重庆路桥股份有限公司,重庆,500000000003814
重庆金凤电子信息产业有限公司,重庆,500107000078627
重庆钢铁股份有限公司,重庆,500000400003546
重庆长安汽车股份有限公司,重庆,500000000005061
重庆长寿经济技术开发区开发投资集团有限公司,重庆,500221000006151
重庆麻柳沿江开发投资有限公司,重庆,500113000038333
重庆黑山谷旅游投资有限公司,重庆,500110000002888
重庆龙湖企业拓展有限公司,重庆,500000400005327
金科地产集团股份有限公司,重庆,500000000007018
隆鑫控股有限公司,重庆,500107000051720


中信产业投资基金管理有限公司,四川,510708000002128
内江市东和旅游投资有限公司,四川,511000000000753
华西能源工业股份有限公司,四川,510300000004462
四川和邦生物科技股份有限公司,四川,511100000001732
四川川投能源股份有限公司,四川,510000000090776
四川广安爱众股份有限公司,四川,510000000006202
四川柏狮光电技术有限公司,四川,510000400002136
四川科伦药业股份有限公司,四川,510100000036023
四川西部资源控股股份有限公司,四川,510706000003721
四川路桥建设集团股份有限公司,四川,510000000088363
崇州市兴旅景区管理有限公司,四川,510184000030514
巴中经济开发区市政工程有限公司,四川,511900000023790
彭山发展矿产开发有限公司,四川,511422000016610
彭州市统一建设集团有限公司,四川,510182000052992
成都人居置业有限公司,四川,510109000015164
成都元成建筑安装工程有限公司,四川,510122000094217
成都兴城投资集团有限公司,四川,510100000095376
成都家具产业园建设投资有限公司,四川,510125000063465
成都市新津水城水务投资有限责任公司,四川,510132000006846
成都市新筑路桥机械股份有限公司,四川,510000000020123
成都市新都化工股份有限公司,四川,510100400026976
成都市润弘投资有限公司,四川,510124000037703
成都市龙泉现代农业投资有限公司,四川,510112000007311
成都铸康实业有限公司,四川,510123000078539
新希望六和股份有限公司,四川,510000000072738
泸州市工业投资集团有限公司,四川,510500000004691
眉山发展（控股）有限责任公司,四川,511400000015300
绵阳交通发展集团有限责任公司,四川,510700000056522
绵阳市投资控股（集团）有限公司,四川,510700000015678
绵阳科技城发展投资（集团）有限公司,四川,510708000001914
资阳市诚兴建设有限责任公司,四川,512000000011220
通威股份有限公司,四川,510000000044041
都江堰兴堰投资有限公司,四川,510181000003033
都江堰兴市投资有限公司,四川,510181000037975
都江堰兴市水业有限公司,四川,510181000027627
都江堰市建工建材有限责任公司,四川,510181000012863
都江堰市阳光旅游发展有限责任公司,四川,510181000018458
都江堰市集聚农业有限公司,四川,510181000035008
金亚科技股份有限公司,四川,510100000085809
金堂县净源排水有限责任公司,四川,510121000016554
铁岭新城投资控股股份有限公司,四川,510100000151631
鹏博士电信传媒集团股份有限公司,四川,510100000057602


中天城投集团股份有限公司,贵州,520000000014818
中航重机股份有限公司,贵州,520000000005018
六盘水市水务有限责任公司,贵州,520200000002090
安顺市城市建设投资有限责任公司,贵州,522500000005436
普定县粮食购销有限责任公司,贵州,522527000037835
湄潭县绿色食品工业园区投资有限公司,贵州,520328000043104
纳雍县金熙开发投资有限公司,贵州,522426000101368
贵州东太农业股份有限公司,贵州,520000000005681
贵州久联民爆器材发展股份有限公司,贵州,520000000007546
贵州林都园林工程有限公司,贵州,520100000042769
贵州省公路工程集团有限公司,贵州,520000000024547
贵州省凯里合力电线电缆有限公司,贵州,522601000137833
贵州省物资集团有限责任公司,贵州,520000000035943
贵州省福泉磷矿有限公司,贵州,522702000127342
贵州织金马家田煤业有限公司,贵州,520000000014963
贵州轮胎股份有限公司,贵州,520000000030272
贵州遵义高速公路建设投资有限公司,贵州,520300000040573
贵州长征天成控股股份有限公司,贵州,520000000037463
贵州高速公路投资有限公司,贵州,520000000032240
贵阳国家高新技术产业开发区经济贸易有限公司,贵州,520115000148652
遵义市新区建筑安装有限公司,贵州,520300000035366
遵义市高新产业园股份有限公司,贵州,520300000040758
遵义红色旅游（集团）有限公司,贵州,520300000014064
都匀市城市建设投资发展有限公司,贵州,522701000152783
金沙县路桥工程投资有限公司,贵州,522424000056548
铜仁市水务投资有限责任公司,贵州,522200000001784
镇宁自治县粮油购销有限责任公司,贵州,520423000050743
镇远县名城旅游开发经营有限责任公司,贵州,522625000006286
龙里县供排水总公司,贵州,522730000037850


云南三七科技有限公司,云南,530000000010908
云南云岭高速公路交通科技有限公司,云南,530111000002966
云南云维股份有限公司,云南,530000000002692
云南城投置业股份有限公司,云南,530000000004673
云南建工集团有限公司,云南,530000000002045
云南旅游股份有限公司,云南,530000000004317
云南煤业能源股份有限公司,云南,530000000019964
云南白药集团股份有限公司,云南,530000000023196
云南省城市建设投资集团有限公司,云南,530100000028818
云南省工业投资控股集团有限责任公司,云南,530000000012544
云南省投资控股集团有限公司,云南,530000000002852
云南省能源投资集团有限公司,云南,530000000036318
云南腾晋物流股份有限公司,云南,530100400003543
云南路建集团实业有限公司,云南,530000000024888
云南路桥股份有限公司,云南,530000000003592
云南锡业股份有限公司,云南,530000000010535
十四冶建设集团有限公司,云南,530000000010012
张家港保税科技股份有限公司,云南,530000000007928
昆明中营津桥科教有限公司,云南,530100000010631
昆明云内动力股份有限公司,云南,530000000012122
昆明产业开发投资有限责任公司,云南,530100000006014
昆明发展投资集团有限公司,云南,530100000021837
昆明市高速公路建设开发股份有限公司,云南,530100000031485
昆明旅游服务（集团）有限公司,云南,530100000003763
昆明滇池国家旅游度假区国有资产投资经营管理有限责任公司,云南,530100000019278
昆药集团股份有限公司,云南,530000000014415
曲靖众一精细化工股份有限公司,云南,530302100000219
美好置业集团股份有限公司,云南,530000000006503


梅花生物科技集团股份有限公司,西藏,540000400000032
西藏城市发展投资股份有限公司,西藏,540000100003419


宝信国际融资租赁有限公司,陕西,610100400008595
秦川机床工具集团股份公司,陕西,610000100146943
西安华新新能源股份有限公司,陕西,610115100000492
西安市浐灞生态园林景观有限公司,陕西,610100100078012
西安建工（集团）有限责任公司,陕西,610100100273128
西安民生集团股份有限公司,陕西,610100100012377
西安浐灞贸易有限责任公司,陕西,610100100132375
西安高新区草堂科技产业基地发展有限公司,陕西,610131100021187
陕西国德电气制造有限公司,陕西,610000100018589
陕西必康制药集团控股有限公司,陕西,612500100001729
陕西旅游集团公司,陕西,610000000013368
陕西明泰工程建设有限责任公司,陕西,610000100073975
陕西省天然气股份有限公司,陕西,610000400000319


国投电力控股股份有限公司,甘肃,620000000006064
成都市兴蓉环境股份有限公司,甘肃,620000000016003
甘肃亚盛实业（集团）股份有限公司,甘肃,620000000006706
甘肃电投能源发展股份有限公司,甘肃,620000000003961


西宁特殊钢股份有限公司,青海,630000100008079
西部矿业股份有限公司,青海,630000400003574
青海山一中氚太阳能电力有限公司,青海,632801070003059
青海江仓煤业有限责任公司,青海,632823100000288
青海盐湖工业股份有限公司,青海,630000100009557
青海金瑞矿业发展股份有限公司,青海,630000100008572
青海金鼎水泥有限公司,青海,632123102001578


宁夏为民实业有限公司,宁夏,640200200005857
宁夏吉元冶金集团有限公司,宁夏,640221200010727
宁夏建成砼业有限公司,宁夏,640121000000560
银川市艾尼散热器有限公司,宁夏,640122200000142


中建西部建设股份有限公司,新疆,650000040000136
伊宁市国有资产投资经营有限责任公司,新疆,654101030000459
伊犁哈萨克自治州财通国有资产经营有限责任公司,新疆,654101030001134
广汇能源股份有限公司,新疆,650000060000192
新疆中泰化学股份有限公司,新疆,650000040000249
新疆众和股份有限公司,新疆,650000040000431
新疆八一钢铁股份有限公司,新疆,650000040000312
新疆北新路桥集团股份有限公司,新疆,650000040000128
新疆大唐鼎旺水泥有限公司,新疆,652325030000182
新疆天富能源股份有限公司,新疆,650000060000168
新疆拓普农业股份有限公司,新疆,652800050000345
新疆新业国有资产经营（集团）有限责任公司,新疆,650000030000331
新疆生产建设兵团农八师天山铝业有限公司,新疆,659001051004376
新疆百商电线电缆有限公司,新疆,650000058006029
新疆金融投资有限公司,新疆,650000030000727
新疆金风科技股份有限公司,新疆,650000410001060
新疆青松建材化工（集团）股份有限公司,新疆,650000040000193
渤海租赁股份有限公司,新疆,650000060000205
