上海万业企业股份有限公司,310000000007622,上海市浦东大道720号9层,80615.8748万人民币
杭州帷盛科技有限公司,330108000042568,杭州钱江经济开发区兴国路525号,4155.7971万元人民币
武汉开来建设集团有限公司,420113000004593,汉南区纱帽镇滨江路４３号,"10,000万人民币元"
文登张家埠新港工程有限公司,371081200000276,山东省威海市文登区环山办米山路69号,60000万元人民币
新疆百商电线电缆有限公司,650000058006029,新疆乌鲁木齐经济技术开发区二期庐山街303号,10000.08 万
江西华春色纺科技发展有限公司,360921210003964,江西省宜春市奉新县奉新工业园区,12000万元
北京绿润食品有限公司,110000410303790,北京市密云县工业开发区科技路26号,1000万元人民币
泗洪光发彩印包装有限公司,321324000032366,泗洪经济开发区金沙江路南侧,3000万元人民币
珠海格力海岛投资有限公司,440400000199681,珠海市万山区东澳岛绿岛路1号游艇俱乐部,26686万
江苏欧邦塑胶有限公司,320582000102767,锦丰镇杨锦公路,5000万元人民币
梅州宝龙集团有限公司,441400000004810,梅州市新中路佐田大厦,4400万人民币元
北京市合利看丹混凝土有限公司,110106005671988,北京市丰台区看丹村看杨路,2000万元人民币
,,,
丰县经济开发区投资发展有限责任公司,320300000016537,丰县经济开发区解放路延伸段,20000万元人民币
山东姜仔鸭农业产业集团有限公司,370923200001910,山东省泰安市东平县经济开发区,3500万元人民币
山东省博发油脂有限公司,371728200001327,东明县马头镇开发区,34400万元人民币
攸县宝悦市场建设有限公司,430223000012720,湖南省攸县联星街道联星社区湘东大市场,10000.0万人民币
广西威壮交通建筑设施有限公司,450100200027471,南宁市双拥路３６－１号“绿城画卷”Ａ座２２层Ａ２３０８号房,"10,000万人民币元"
浙江恩悠工贸有限公司,330723000018425,武义县茭道镇胡宅垄村,1000万元人民币
如皋港务集团有限公司,320600400006968,江苏省如皋市长江镇（如皋港区）疏港路6号,188101.527861万人民币
,,,
北京安期生技术有限公司,110108004670501,北京市海淀区北四环中路229号海泰大厦1701室,685.2063万元人民币
浙江平湖华龙实业股份有限公司,330482000002455,平湖市新仓镇金沙路558号,1898万元人民币
昆山龙腾电子有限公司,320583400002028,昆山综合保税区新巷路68号,61600万元人民币
永安旭长实业有限公司,350481100007270,永安市江滨路716-3号,8000.0万人民币
广东昭信照明科技有限公司,440682400000386,广东省佛山市南海区桂城街道永安北路1号金谷光电产业社区A座第6层之一,910万美元
,,,
,,,
汉柏科技有限公司,120193000031586,天津新技术产业园区华苑产业区海泰西路18号西3楼104室,7623.65万人民币
国美电器内蒙古有限公司,150112000003543,内蒙古自治区呼和浩特市如意开发区乾坤工业园公寓２１８,500万人民币元
大连弘佳物流有限公司,210242000012097,辽宁省大连长兴岛经济区金海明珠小区7-2号305室,1000万
云南腾晋物流股份有限公司,530100400003543,云南省昆明市晋宁县昆阳镇恢厂村,30000.0万
重庆市南川区易博公路工程有限责任公司,500384000006157,重庆市南川区西城街道办事处南大街6号,3040万元人民币
,,,
,,,
贵州织金马家田煤业有限公司,520000000014963,贵州省织金县后寨乡马家田村,7058万元人民币
泰州金泰环保热电有限公司,321200000002062,泰州市经济开发区滨江工业园区府路,10500万元人民币
北京华耐立家建材有限公司,110106007481269,北京市朝阳区十八里店乡周庄村闽龙世纪建材市场C18号,2000万元
天津华耐立家建材销售有限公司,120103000102075,河西区解放南路473号（环渤海国际家居采购中心一层）,2000万人民币
江苏德和生物科技有限公司,320281400009234,江阴市澄张路618号,6000万元人民币
南京珍珠泉经济发展有限公司,320111000081924,南京市浦口区珍珠街178号,60000万元人民币
泰州东星精密机器有限公司,321200400004482,泰州市海陵工业园区,4852.919483万元人民币
,,,
深圳市莲花山园林有限公司,440301103511565,深圳市福田区红荔路4018号,2200万元人民币
北京精彩无限音像有限公司,110101006106764,北京市东城区王府井大街301号B四层4-04,500万元人民币
广州耀轮车业有限公司,440101400165481,广州市黄埔区云埔工业区埔北路2号2楼,2000.000000万元人民币
广州市冠誉铝箔包装材料有限公司,440108400005303,广州经济技术开发区锦绣路碧华街12号,18000.000000万元人民币
湖州南浔振浔污水处理有限公司,330504000018822,湖州市南浔镇适园路,1600万元人民币
包头市红卫日用化工有限公司,150200000000364,内蒙古自治区包头市东河区北二里半1号,2274.8万人民币元
重庆市梁平张鸭子食品有限公司,500228000002429,重庆市梁平工业园区A区,2000万元人民币
重庆亚德科技股份有限公司,500901000018748,重庆市九龙坡区石桥铺科园一路C-23-2号,7000万元人民币
临沂天喜实业有限责任公司,371302228007678,临沂市兰山区北园路192号时代家园商住楼A号楼1901室,5600万元人民币
厦门梅花光电科技有限公司,350200400032441,厦门市湖里区禾山街道护安路73-75号梅花光电科技中心二楼A001室,20000.0万人民币
济宁中科环保电力有限公司,370800200014771,济宁市任城区李营镇垃圾处理厂,12100万元人民币
海宁市交通投资集团有限公司,330481000015127,海宁市海洲西路85号,78000万元人民币
,,,
邳州市水利建筑安装工程有限公司,320382000000410,邳州市运河镇中兴路,6006.7万元人民币
海南海航迎宾馆有限公司,460000000140012,海南省海口市美兰区大英山西三路9号,26387.5万
,,,
锦昉棉业科技有限公司,370785200005063,山东省潍坊市高密市醴泉街道蔡家站工业园区,5086万元人民币
贵阳国家高新技术产业开发区经济贸易有限公司,520115000148652,贵州省贵阳市高新技术产业开发区贵阳市新天大道创业路（科苑宾馆三楼）,500万元人民币
广东豪美铝业股份有限公司,441800400002643,清远市高新技术产业开发区泰基工业城,16500万人民币元
,,,
河南佳源乳业股份有限公司,411100100013450,河南舞阳县佳源路1号,"6,000万元"
江苏中联物流有限公司,321300000018589,江苏省宿迁市经济开发区南环西路268号,4000万元人民币
江苏金鑫建材有限公司,321300000020037,江苏省宿城经济开发区（西区）古城路8号,3000万元人民币
江苏洋口港投资开发有限公司,320600400011605,江苏省如东县长沙镇洋口港临港工业区,20000万美元
衡阳衡拖农机制造有限公司,430400000030800,市雁峰区白沙洲联盟山108号,5000.0万人民币
江苏花王园艺股份有限公司,321181000046029,丹阳市南二环路99号,10000万元人民币
河南裕华新材料股份有限公司,410822100000450,博爱泗沟工业区,"22,323.5294万人民币元"
徐州申鑫建材市场管理有限公司,320323000054185,徐州市铜山区北京南路519号,14000万元人民币
枣庄南郊热电有限公司,370400018013257,枣庄经济开发区长江路26号,6000万元人民币
云南三七科技有限公司,530000000010908,云南省昆明市高新区科高路2188号,30000.0万人民币
,,,
深圳市佳捷现代物流有限公司,440301104521373,深圳市南山区蛇口兴工路美年广场2栋301,6536万元人民币
江苏叠石桥投资有限公司,320684000001065,海门市三星镇镇南村,5000万元人民币
北京天路通科技有限责任公司,110106003060033,北京市丰台区科技园区3A地块(园区),5116万元
山东恒通膨胀节制造有限公司,370902228004644,山东省泰安市南上高村,8000万元人民币
山东钛宝钛业有限公司,370903200002604,泰安大汶口石膏工业园,2000万元人民币
包头市祥顺达工贸有限责任公司,150200000000014,内蒙古自治区包头市昆区哈业胡同镇新光四村,2000万人民币元
重庆潜能燃气股份有限公司,500000000003574,重庆市铜梁区巴川镇中兴路185号,20000万元人民币
新疆大唐鼎旺水泥有限公司,652325030000182,新疆昌吉州奇台县三个庄子乡双涝坝村,6000 万
连云港神农现代农业发展有限公司,320700000121094,连云港市新浦区浦南镇农业园区综合服务楼202,16000万元人民币
南通市江海公路工程有限公司,320600000094353,南通市人民东路887号尚东国际商务中心4幢1110室,20000万元人民币
深圳市铭可达物流有限公司,440306105580993,深圳市龙华新区观澜街道君子布村19号铭可达物流园,16000万元人民币
云南云岭高速公路交通科技有限公司,530111000002966,云南省昆明市关上民航路493号,7000.0万
,,,
武冈市综合交通投资有限公司,430581000006924,武冈市陶侃路65号,4000.0万人民币
西安浐灞贸易有限责任公司,610100100132375,西安市浐灞生态区浐灞大道1号5A23室,10000.0万人民币元
西安市浐灞生态园林景观有限公司,610100100078012,西安市浐灞生态区浐灞大道1号浐灞商务中心5A11室,10000.0万人民币元
上海至纯洁净系统科技股份有限公司,310112000278119,上海市闵行区东川路555号丁1楼03A室,15600.0万人民币
大丰海港港口有限责任公司,320982000004829,盐城市大丰区大丰港区南港路北侧、配电区西侧,70000万元人民币
盐城市瀛洲宾馆有限公司,320902000013793,盐城市开放大道76号,9058万元人民币
上海江苏饭店有限公司,310107000044699,上海市普陀区武宁路888号,6500.0万人民币
,,,
镇江港和新型建材有限公司,321191000028595,镇江新区大路薛港村,14193.43万元人民币
镇江港源水务有限责任公司,321191000003601,镇江新区大港通港路1号,1000万元人民币
嘉兴市港区供水有限责任公司,330405000004293,嘉兴市乍浦镇雅山中路86号,8016.41万元人民币
嘉兴市港区污水处理有限责任公司,330405000009711,嘉兴市乍浦镇雅山中路86号,14600.1974万元人民币
深圳市深华运输实业有限公司,440301105100733,深圳市罗湖区上步北路银湖大厦四楼416－430号房,2000万元人民币
深圳市长途汽车客运有限公司,440301103202589,深圳市罗湖区清水河街道上步北路银湖大厦首层、二层206-222室,10000万元人民币
,,,
深圳市龙运发汽车服务有限公司,440307102726087,深圳市龙岗区龙岗镇深惠路868号,3800万元人民币
内蒙古恒达公路发展有限公司,152700000001433,内蒙古自治区鄂尔多斯市东胜区经济技术开发区松山路２号街坊,10800万人民币元
安吉七彩灵峰农业发展有限公司,330523000062964,安吉灵峰旅游度假区（原直升机场内）,31000万元人民币
美都经贸浙江有限公司,330000000023034,杭州市拱墅区美都广场A座1007、1009室,5000万元人民币
德清县恒达建设发展有限公司,330521000025485,武康镇永安街118号,50000万元人民币
余姚市交通投资有限公司,330281000054252,余姚市阳明西路66号五楼,18757万元人民币
,,,
德清县城市建设发展总公司,330521000024319,德清县武康镇东升街159号,20000万元人民币
奉化新城开发投资有限责任公司,330283000002906,奉化市汇明路98号,12000万元人民币
浙江太湖新城实业投资有限公司,330522000068284,长兴县太湖街道太湖大道599号,110000万元人民币
浙江余姚工业园区开发建设投资有限公司,330281000112497,浙江余姚工业园区迎霞北路88号,40000万元人民币
绍兴新锐传媒影视文化发展有限公司,330600000059650,绍兴市镜湖新区越发大厦第一幢1单位802号-1,1000万元人民币
湖州城西新农村建设投资有限公司,330508000040726,湖州市龙溪路208号101室,20000万元人民币
报喜鸟集团有限公司,330324000046785,浙江省永嘉县报喜鸟工业园,7780万元人民币
,,,
,,,
北京立高防水工程有限公司,110117001694503,北京市平谷区平谷镇岳各庄双河路2排10号,6697.0914万元人民币
杭州天马时控科技有限公司,330100000092477,杭州市江干区笕桥镇同心村七组,3348.819万元人民币
舟山市德勤物流有限公司,330902000023353,舟山市定海区干览西码头A房32号楼104室,5500万元人民币
浙江省基础建设投资集团股份有限公司,330000000015920,杭州市拱墅区密渡桥路1号A幢25楼2501室,30000万元人民币
沪光集团有限公司,330382000008225,乐清市柳市镇苏岙工业区,10000万元人民币
云鹏控股集团有限公司,331081100014195,温岭市松门镇金港路,10188万元人民币
大汉城镇建设有限公司,430100000093641,长沙市芙蓉区红旗路大汉建材城1栋,60000.0万人民币
牡丹江镜泊湖旅游集团有限公司,231000100085734,黑龙江省牡丹江市东安区景福街70号,"10,000万人民币"
福建泰龙电力股份有限公司,350200200006837,厦门市思明区曾厝垵379号一楼之二,15990.0万人民币
,,,
,,,
苍南联信小额贷款股份有限公司,330300000026504,苍南县灵溪镇玉苍路609号第三、四层,40000万元人民币
常州市西太湖旅游发展有限公司,320483000265750,江苏武进经济开发区腾龙路2号,20000万元人民币
绍兴县汇金小额贷款股份有限公司,330600000049017,绍兴县柯桥瓜渚旺角中心405-411室,40000万元人民币
德清升华小额贷款股份有限公司,330500000007600,浙江省德清县武康镇曲园北路92号,25000万元人民币
台州市椒江金丰小额贷款有限公司,331002000057681,台州市椒江区云西路321-325号,15000万元人民币
嘉禾县自来水有限责任公司,431024000008555,嘉禾县珠泉镇鳌峰路1号,3000.0万人民币
遵义市新区建筑安装有限公司,520300000035366,贵州省遵义市遵义市新蒲镇,2000万元人民币
中建投工程技术有限公司,410192000013162,郑州市金水区政七街4号,"27,106万元"
山东泉兴中联水泥有限公司,370400000003260,枣庄市高新区光源路77号,200000万元人民币
浙江网新联合工程有限公司,330000000052493,杭州市滨江区长河街道江汉路1785号网新双城大厦4幢701-1室,16666.6667万元人民币
乐清市宝乐能源实业有限公司,330382000020963,乐清市南塘镇外塘村,5000万元人民币
湖州金冶电子材料股份有限公司,330500000014826,湖州吴兴区八里店镇谈家扇村,10058万元人民币
浙江华金康工贸有限公司,330504000010131,湖州市菱湖镇竹墩工业园区,6000万元人民币
浙江省诸暨市龙翔纤维有限公司,330681000048777,诸暨市陶朱街道家纺园区,2000万元人民币
宁波华宁围海工程有限公司,330226000033054,宁海县跃龙街道兴宁中路63号,5000万元人民币
浙江百德纺织有限公司,330500400009737,浙江省德清县雷甸镇白云南路389号,440万美元
中国水产舟山海洋渔业公司,330900000005853,浙江省舟山市普陀区沈家门街道兴海路1号（普陀区平阳浦）,29100万元人民币
诸暨市水务集团有限公司,330681000102229,诸暨市暨阳街道丰民路19号,10000万元人民币
衢州市柯城区利民城乡建设投资开发有限责任公司,330800000042583,衢州市双港中路18号1幢408室,5000万元人民币
杭州中科赛思节能设备有限公司,330122000034985,桐庐县桐庐经济开发区滩头路77号,1500万元人民币
杭州临江投资发展有限公司,330181000031801,萧山临江高新技术产业园区,30000万元人民币
杭州深瑞水务有限公司,330105000012824,杭州余杭区仁和街道东山村,502.36万元人民币
浙江天地钢结构有限公司,330800000021504,衢州市东港四路5号,2000万元人民币
浙江博世华环保科技有限公司,330100000028445,杭州市莫干山路1418-40号9层、10层（上城科技工业基地）,6300万元人民币
舟山中昌海运有限责任公司,330900000002019,舟山市定海区青垒头路5号,15000万元人民币
宁波市商贸集团有限公司,330200000070712,宁波市海曙区中山东路81号,29000万元人民币
嘉兴市联众实业投资有限公司,330402000021513,嘉兴市南湖区凤桥镇凤飞路99号一楼,23300万元人民币
宁波轿辰集团股份有限公司,330200000039431,宁波市江东区环城南路东段777号世纪汽车城内,12880万元人民币
绍兴益泉大酒店有限公司,330600000011631,绍兴市袍江工业区世纪广场,8008万元人民币
,,,
浙江长荣建设工程有限公司,330104000039249,杭州市江干区丁桥镇丁石路66号,7310万元人民币
,,,
温州市旭升鞋业有限公司,330304000018396,温州市瓯海三溪工业园区富阳北路13号,1050万元人民币
飞虎科技有限公司,330483000056125,桐乡市濮院镇恒乐路688号,10800万元人民币
绍兴杰龙玻璃有限公司,330600400003948,绍兴县滨海工业区兴滨路,1770万美元
安吉紫梅实业有限公司,330523000032083,安吉县梅溪镇人民路,12000万元人民币
上海城投控股股份有限公司,310000000011872,浦东新区北艾路1540号,298752.3518万人民币
,,,
北汽福田汽车股份有限公司,110000005082498,北京市昌平区沙河镇沙阳路老牛湾村北,280967.16万元
首创置业股份有限公司,110000410177682,北京市怀柔区青春路26号1幢6008室,202796万元人民币
上海隧道工程股份有限公司,310000000025059,上海市浦东新区海徐路957号,314409.6094万人民币
中华企业股份有限公司,310000000023990,上海市华山路2号,186705.9398万人民币
上海张江高科技园区开发股份有限公司,310000000043546,浦东新区龙东大道200号,154868.955万人民币
苏州新区高新技术产业股份有限公司,320000000009807,苏州市新区运河路８号,119429.2932万元人民币
珠海华发实业股份有限公司,440400000065217,珠海市昌盛路155号,81704.562万
北京城建投资发展股份有限公司,110000005200596,北京市海淀区大柳树富海中心2号楼19层,156704万元
,,,
,,,
北京北辰实业股份有限公司,110000410131502,北京市朝阳区北辰东路8号,336702万元人民币
,,,
江苏宁沪高速公路股份有限公司,320000000004194,江苏省南京市仙林大道6号,503774.75万人民币
,,,
重庆钢铁股份有限公司,500000400003546,重庆市长寿经开区钢城大道1号,443602.258万元人民币
河南银鸽实业投资股份有限公司,410000100016929,漯河市召陵区人民东路6号,"124,910.2957万元"
西部矿业股份有限公司,630000400003574,青海省西宁市五四大街52号,"238,300万元"
云南云维股份有限公司,530000000002692,云南省曲靖市沾益县盘江镇花山工业区,61623.5万人民币
柳州钢铁股份有限公司,450200000000013,广西柳州市北雀路１１７号,"256,279.32万元"
西宁特殊钢股份有限公司,630000100008079,西宁市柴达木西路52号,"74,121.9252万元"
安徽海螺水泥股份有限公司,340000000000081,安徽省芜湖市文化路39号,"529,930.2579万元"
海南航空股份有限公司,460000400002151,中国海南省海口市国兴大道7号海航大厦,1218218.179万人民币元
大连港股份有限公司,210200400039287,辽宁省大连保税区大窑湾新港商务大厦,442600万人民币
江苏连云港港口股份有限公司,320700000003113,连云港市连云区庙岭港区港口四路8号,101521.5101万元人民币
安徽皖通高速公路股份有限公司,340000400002623,安徽省合肥市望江西路520号,"165,861万人民币元"
南京高科股份有限公司,320192000001237,南京经济技术开发区新港大道129号,77432.8248万元人民币
上海新黄浦置业股份有限公司,310000000047244,上海市北京东路668号西楼32层,56116.3万人民币
招金矿业股份有限公司,370000018082374,招远市金晖路299号,296582.7195万元人民币
营口港务股份有限公司,210000004925657,营口市鲅鱼圈区营港路１号,647298.3003万人民币
哈尔滨投资集团有限责任公司,230199100039345,哈尔滨市南岗区汉水路１７２号,"500,000万人民币"
西藏城市发展投资股份有限公司,540000100003419,西藏自治区拉萨市金珠西路75号2楼,"72,921.3663万元"
湖北清能地产集团有限公司,420000000013108,湖北省武汉市武昌区中华路57号,"294,042.91万元"
湖北兴发化工集团股份有限公司,420000000007536,兴山县古夫镇高阳大道58号,"52,998.1934万元"
福建发展高速公路股份有限公司,350000100010861,福州市东水路１８号交通综合大楼,274440.0万人民币
广西金融投资集团有限公司,450000000014798,南宁市青秀区金浦路２２号名都苑１号商住楼十二层,"150,000万人民币元"
江西长运股份有限公司,360000110006516,江西省南昌市西湖区广场南路118号,23706.4万元
哈尔滨好民居建设投资发展有限公司,230100100036879,哈尔滨市道里区建国街30号,"5,000万人民币"
浙江海正药业股份有限公司,330000000037277,浙江省台州市椒江区外沙路46号,96553.1842万元人民币
广东粤运交通股份有限公司,440000400013429,广州市白云区机场路1731-1735号8楼,41764.1867万人民币元
联发集团有限公司,350200400009372,厦门市湖里区湖里大道31号,210000.0万人民币
珠海格力房产有限公司,440400000035200,珠海市北岭工业区,12688.2万
,,,
厦门住宅建设集团有限公司,350200100012016,厦门市思明区莲前西路2号莲富大厦写字楼八层,263266.0万人民币
新疆金融投资有限公司,650000030000727,新疆乌鲁木齐市天山区金银路53号,35012.19 万
杭州市实业投资集团有限公司,330100000031027,杭州市西湖区保俶路宝石山下四弄13号,300000万元人民币
广州越秀集团有限公司,440101000047177,广州市天河区珠江新城珠江西路5号广州国际金融中心65楼,1018551.800000万元人民币
上海集优机械股份有限公司,310000000088302,上海市恒丰路600号机电大厦1501室,143828.6184万人民币
,,,
兖州煤业股份有限公司,370000400001016,邹城市凫山南路298号,491840万人民币
上海申通地铁股份有限公司,310000000009752,上海市浦电路489号,47738.1905万人民币
江中药业股份有限公司,360000110004725,江西省南昌市高新区火炬大道788号,30000万元
青海金瑞矿业发展股份有限公司,630000100008572,西宁市朝阳西路112号,"28,817.6273万元"
浙江尖峰集团股份有限公司,330000000009457,浙江省金华市婺江东路88号,34408.3828万元人民币
上海电气集团股份有限公司,310000000086691,上海市兴义路8号30层,1282362.666万人民币
,,,
宁波港股份有限公司,330200400022586,宁波市北仑区明州路301号,1280000万元人民币
,,,
上海交运集团股份有限公司,310000000023877,上海市浦东新区曹路工业园区民冬路239号6幢101室,86237.3924万人民币
开滦能源化工股份有限公司,130000000022087,唐山市新华东道70号东楼,123464.0万人民币
山西兰花科技创业股份有限公司,140000100069163,晋城市凤台东街2288号,"114,240万元"
重庆水务集团股份有限公司,500000000003412,重庆市渝中区龙家湾1号,480000万元人民币
,,,
安阳钢铁股份有限公司,410000100050278,安阳市殷都区梅元庄,"239,368.45万元"
新余钢铁股份有限公司,360000521000025,江西省新余市铁焦路,139344.8106万元
新天绿色能源股份有限公司,130000000023637,石家庄市裕华西路9号,371516.0396万人民币
深圳高速公路股份有限公司,440301104056451,深圳市福田区益田路江苏大厦裙楼2-4层,218077.0326万元人民币
湘潭电机股份有限公司,430300000028394,湖南省湘潭市下摄司街302号,74340.5176万人民币
凌源钢铁股份有限公司,211300004010748,辽宁省凌源市钢铁路３号,80400.22万人民币
广东肇庆星湖生物科技股份有限公司,441200000028883,肇庆市工农北路６７号,64539.3465万人民币元
瀚蓝环境股份有限公司,440682000088499,佛山市南海区桂城南海大道建行大厦,57924.2881万人民币元
杭州钢铁股份有限公司,330000000025370,杭州市拱墅区半山路178号,83893.875万元人民币
上海浦东路桥建设股份有限公司,310000000092681,浦东新区佳林路1028号,69304.0万人民币
马鞍山钢铁股份有限公司,340000400002545,安徽省马鞍山市九华西路8号,"770,068.1186万人民币元"
重庆机电股份有限公司,500000000000311,重庆市北部新区黄山大道中段60号,368464.0154万元人民币
广西桂东电力股份有限公司,451100000001071,贺州市平安西路１２号,"27,592.5万元"
鲁信创业投资集团股份有限公司,370000018008727,淄博市高新技术产业开发区裕民路129号,74435.9294万元人民币
吉林高速公路股份有限公司,220000000149648,长春市宽城区兰家镇兰家大街155号,121320万元人民币
江西洪城水业股份有限公司,360000110007679,江西省南昌市西湖区灌婴路98号,33000万元
新疆天富能源股份有限公司,650000060000168,新疆石河子市红星路,90569.6586 万
北京京能清洁能源电力股份有限公司,110000002224112,北京市延庆县八达岭经济开发区紫光东路1号118室,647741.3454万元人民币
厦门厦工机械股份有限公司,350200100004303,厦门市思明区厦禾路668号,95896.9989万人民币
广州发展集团股份有限公司,440101000196724,广州市天河区临江大道3号28-30楼,272619.655800万元人民币
长春欧亚集团股份有限公司,220101010007558,朝阳区工农大路1128号,15908万元人民币
日照港股份有限公司,370000018076502,日照市海滨二路,307565.3888万元人民币
柳州化工股份有限公司,450200000016746,广西柳州市北鹊路６７号,"39,934.7513万元"
,,,
漳州片仔癀药业股份有限公司,350000100024317,福建省漳州市上街,16088.4589万人民币
,,,
广州汽车集团股份有限公司,440101000009080,广州市越秀区东风中路448--458号成悦大厦23楼,643502.009700万元人民币
北京昊华能源股份有限公司,110000005219835,北京市门头沟区新桥南大街2号,119999.8272万元人民币
上海实业发展股份有限公司,310000000047164,中国（上海）自由贸易试验区浦东南路1085号,108337.0873万人民币
,,,
四川广安爱众股份有限公司,510000000006202,四川省广安市广安区渠江北路８６号,71789.2146 万
,,,
无锡市太极实业股份有限公司,320200000015148,无锡市下甸桥南堍,119127.4272万元人民币
上海金桥出口加工区开发股份有限公司,310000400062043,中国（上海）自由贸易试验区金桥路28号,112241.2893万人民币
武汉三镇实业控股股份有限公司,420100000071259,武汉经济技术开发区联发大厦,"70,956.9692万人民币元"
内蒙古包钢钢联股份有限公司,150000000007124,内蒙古自治区包头市昆区河西工业区,1600518.2054万人民币元
北京巴士传媒股份有限公司,110000000454267,北京市海淀区紫竹院路32号,40320万元
云南省能源投资集团有限公司,530000000036318,云南省昆明市人民中路美亚大厦19-23层,1165999.7624万
北京天恒置业集团有限公司,110102000687239,北京市西城区阜外大街31号,854236.7万元人民币
北京首都开发股份有限公司,110000005020731,北京市东城区安定门外大街183号京宝花园二层,224201.25万元
湖北楚天高速公路股份有限公司,420000000028079,武汉市汉阳区龙阳大道9号,"145,337.7893万元"
华远地产股份有限公司,429005000006101,北京市西城区北展北街11号华远企业中心11#楼,181766.1006万元
,,,
安源煤业集团股份有限公司,360000110008833,江西省萍乡市经济开发区昭萍东路３号,98995.9882万元
京投银泰股份有限公司,330200000007765,海曙中山东路２３８号,74077.7597万元人民币
四川路桥建设集团股份有限公司,510000000088363,成都市高新区高朋大道11号科技工业园F-59号,301973.2672 万元人民币
北京京客隆商业集团股份有限公司,110000002315927,北京市朝阳区新源街45号楼,41222万元人民币
华域汽车系统股份有限公司,310000000013225,上海市静安区威海路489号,258320.0175万人民币
山东黄金矿业股份有限公司,370000018059438,济南市舜华路2000号舜泰广场3号楼,142307.2408万元人民币
北京京能电力股份有限公司,110000002769583,北京市石景山区广宁路10号,461732.0954万元
宁波热电股份有限公司,330200000069487,宁波经济技术开发区大港工业城,74693万元人民币
平顶山天安煤业股份有限公司,410000100020038,河南省平顶山市矿工路２１号,"236,116.4982万元"
张家港保税科技股份有限公司,530000000007928,张家港保税区石化交易大厦27-28层,119157.4157万元人民币
云南煤业能源股份有限公司,530000000019964,云南省昆明经开区经开路3号科技创新园A46室,98992.36万
江西赣粤高速公路股份有限公司,360000110007603,江西省南昌市高新区火炬大街199号赣能大厦,233540.7014万元
山东高速股份有限公司,370000018045596,济南市文化东路29号七星吉祥大厦A座,481116.5857万元人民币
杭州前进齿轮箱集团股份有限公司,330181000004255,萧山区萧金路45号,40006万元人民币
江苏凤凰置业投资股份有限公司,320000000108232,南京市中央路389号凤凰国际大厦六楼,74060.0634万元人民币
广晟有色金属股份有限公司,460000000131809,海南省海口市龙华区滨海大道69号海口宝华海景大酒店8楼809房,26212.2646万
四川川投能源股份有限公司,510000000090776,成都市武侯区龙江路11号,220107.024 万
,,,
山煤国际能源集团股份有限公司,140000110108716,太原市小店区长风街115号,"198,245.614万元"
昆明中营津桥科教有限公司,530100000010631,云南省昆明市高新区海源北路1268号,600.0万人民币
南京新明经济开发有限公司,320123000010071,南京六合区中山科技园永成路18号,14500万元人民币
广州华工百川科技有限公司,440101000005561,广州市萝岗区玉岩路华立街3号,8888.000000万元人民币
浙江南浔古镇旅游发展有限公司,330504000022128,湖州市南浔镇适园路徐家弄,25000万元人民币
福建省客家土楼旅游发展有限公司,350822100000399,永定县凤城镇河滨路1号,150000.0万人民币
杭州市设备安装有限公司,330100000029181,杭州市拱墅区密渡桥路23号四楼、五楼,5300万元人民币
重庆市涪陵区宏伟公路工程有限公司,500102000014197,重庆市涪陵区青羊镇安镇西路37号,5000万元人民币
无锡惠山软件产业发展有限公司,320206000124007,无锡惠山经济开发区智慧路18号智慧大厦,15000万元人民币
常州市春秋淹城建设投资有限公司,320483000220465,武进区湖塘镇武宜南路588号常乐坊79号,50000万元人民币
浙江天台公路运输有限公司,331023000018795,天台县始丰街道天台山西路501号,25000万元人民币
中兴能源有限公司,110000010716319,北京市朝阳区裕民路12号E3座,129000万元
南京西部路桥集团有限公司,320121000006750,南京市江宁区湖熟街道瑞泽路8号,20000万元人民币
鄂尔多斯市通惠供热燃气集团有限公司,152702000000398,鄂尔多斯市康巴什新区乌兰木伦大街,125700万人民币元
嵊州宾馆有限公司,330683000050494,嵊州市剡湖街道北艇路218号,3500万元人民币
天津市松江生态产业有限公司,120000000003083,天津市津南区八里台镇八里台村（农业高新技术开发区内）,5000万人民币
南京汤山旅游发展有限公司,320121000012746,南京市江宁区汤山街道汤山大道18号,10000万元人民币
常州国际机场集团有限公司,320400000039275,通江南路258号,30000万元人民币
苏州高新污水处理有限公司,320512000000814,苏州高新区浒关工业园,30000万元人民币
淮安市康嘉实业有限公司,320891000000212,淮安经济技术开发区富誉路5号,150000万元人民币
武汉四方交通物流有限责任公司,420112000045587,武汉市东西湖区东西湖大道21号（8）,"38,800万人民币元"
福建漳龙集团有限公司,350600100018946,福建省漳州市芗城区胜利东路3号漳州发展广场16、17层,382850.0万人民币
武汉新能实业发展有限公司,420100000179537,江岸区建设大道６１８号信合大厦２０楼,"50,000万人民币元"
,,,
寿光市金海投资开发有限公司,370783200017940,寿光市商务小区5号楼A座,20000万元人民币
昆明产业开发投资有限责任公司,530100000006014,昆明市青年路448号华尔顿大厦5-6层,100305.08万人民币
汝城县水电有限责任公司,431026000003049,汝城县城关镇文化路3号,29314.0万人民币
北京鸿仪四方辐射技术股份有限公司,110112006286593,北京市通州区工业开发区广利街18号,3085.36万元人民币
株洲市国有资产投资控股集团有限公司,430200000003555,株洲市天元区黄河南路455号,100000.0万人民币
山东泰丰矿业集团有限公司,370000018071750,新泰市经济开发区,4480万元人民币
绍兴市柯桥区国有资产投资经营有限公司,330621000191941,柯桥鉴湖路29号,8000万元人民币
扬州化工产业投资发展有限公司,321081000004961,仪征市真州镇万年南路9号,171813.12万元人民币
冀东发展集团有限责任公司,130200000035495,唐山丰润区林荫路东侧,123975.204万人民币
绵阳交通发展集团有限责任公司,510700000056522,绵阳市剑南路西段71号,76000 万
十四冶建设集团有限公司,530000000010012,云南省昆明市五华区云南省昆明市西站12号-,45000.0万人民币
重庆长寿经济技术开发区开发投资集团有限公司,500221000006151,重庆市长寿区晏家街道办事处齐心大道F幢,122995.78万元人民币
金融街控股股份有限公司,110000002625954,北京市西城区金融大街丙17号北京银行大厦11层,298892.9907万元
长兴交通投资集团有限公司,330522000018206,浙江省长兴县雉城街道明珠二路58号,150000万元人民币
株洲高科集团有限公司,430211000000298,株洲开发区黄河北路火炬大厦,200000.0万人民币
株洲市城市建设发展集团有限公司,430200000000737,湖南省株洲市天元区联谊路86号金城大厦9-13楼,400000.0万人民币
临安市城建发展有限公司,330185000008674,临安市锦城街道江南市场路78号,156000万元人民币
龙里县供排水总公司,522730000037850,龙里县龙山镇中山路168号,455万元人民币
,,,
陕西旅游集团公司,610000000013368,西安市雁塔区朱雀大街397号,30000万
昆明发展投资集团有限公司,530100000021837,昆明市盘龙路25号,74720.0万人民币
金坛市国发国际投资发展有限公司,320482000079771,金坛市华城中路168号,220000万元人民币
青海江仓煤业有限责任公司,632823100000288,天峻县新源镇天棚东路88号,"6,000万元"
扬州恒基大通光电有限公司,321000400014099,扬州维扬路108号开发大厦附楼,91280万元人民币
江苏铜枣实业发展有限公司,321081000082976,仪征市铜山办事处枣林山庄,16035.5万元人民币
,,,
常州市江南花都花卉产业园有限公司,320483000287478,武进区嘉泽镇人民路46号,50000万元人民币
泰州凤城河建设发展有限公司,321200000003348,泰州市东南园10号,278813.43万元人民币
江苏洪泽湖建设投资集团有限公司,320829000035353,洪泽县城人民路12号,80000万元人民币
盐城市盐都交通建设发展有限公司,320928000066223,盐城市盐都区新都街道开发大道609号交通大厦509室,50000万元人民币
宿迁市惠农农业发展股份有限公司,321300000037542,宿迁市宿城新区红海路18号,45000万元人民币
海安利泰水务投资发展有限公司,320621000248397,海安县海安镇河滨东路168号,38000万元人民币
,,,
苏州阳澄湖生态休闲旅游有限公司,320507000099657,苏州市阳澄湖生态休闲旅游度假区澄中路1号,35685万元人民币
,,,
伊金霍洛旗九泰热力有限责任公司,152728000009893,伊旗阿镇,82734.697822万人民币元
南京江宁滨江新城开发建设有限公司,320121000149157,南京市江宁区滨江经济开发区盛安大道739号1幢,90000万元人民币
郎溪道其建设工程有限公司,342522000006201,安徽省宣城市郎溪县经济技术开发区,"33,000万元"
天津市天政基础设施建设有限公司,120104000016911,南开区红旗南路251号,30000万人民币
常州民生环保科技有限公司,320407000001914,常州市新北区春江镇百馨苑2幢8号,2500万元人民币
株洲高科建设工程有限公司,430211000000644,天元区天平路综合楼2楼,6000.0万人民币
盐城南洋经济发展实业有限公司,320902000013226,盐城富康路1号,30000万元人民币
山东金阳矿业集团有限公司,370000018075760,泰安市宁阳县葛石镇夏庄村北,7580万元人民币
江苏云港投资发展有限公司,320700000094516,连云港市连云区板桥工业园区,35480万元人民币
都江堰市集聚农业有限公司,510181000035008,四川省成都市都江堰市幸福镇奎光路231号,1000 万元人民币
,,,
江苏省长荡湖文化旅游发展有限公司,320482000077544,常州市金坛区儒林镇政府216室,40000万元人民币
株洲新芦淞航空城产业发展有限公司,430200000053142,株洲建宁经济开发区服务总部基地3楼303号,40000.0万人民币
南京雨花经济技术发展有限公司,320114000004074,南京市雨花经济开发区,52000万元人民币
浙江长兴环太湖经济投资开发有限公司,330522000001774,长兴县雉城镇县前街桥东128号,50000万元人民币
海口美兰国际机场有限责任公司,460000000101216,海口市美兰区美兰国际机场,202891.3102万
镇远县名城旅游开发经营有限责任公司,522625000006286,贵州省黔东南苗族侗族自治州镇远县舞阳镇和平村内,5000万元人民币
普定县粮食购销有限责任公司,522527000037835,贵州省安顺市普定县普定县城关镇红旗路375号（西交仓）,1600万元人民币
,,,
开县汉丰湖综合开发有限公司,500234000008507,重庆市开县汉丰街道办事处滨湖中路539号,15700万元人民币
,,,
郴州市槐海服务发展有限责任公司,431000000015052,郴州市北湖区国庆南路89号湘南国际物流园管委会办公室413房,10000.0万人民币
营口市老边区供热有限公司,210800004144698,老边区龙山大街45号,11349万人民币
无锡吴文化博览园建设发展有限公司,320200000015726,无锡市新区鸿山镇后宅,218500万元人民币
德清县德城园林绿化工程服务有限公司,330521000005963,武康镇永安街118号,15000万元人民币
浏阳鼎盛投资有限公司,430181000008607,浏阳制造产业基地纬二路1号,30000.0万人民币
吉林粮食集团收储经销有限公司,220108010000974,长春市绿园区春城大街1515号吉粮康郡47号楼8-9层,43148.666万元人民币
孝昌县供水有限公司,4209211146732,孝昌县城区北京路311号,"10,000万元"
桂阳县市政工程有限公司,431021000001466,桂阳县鹿峰街道蔡伦中路26号,2626.0万人民币
临汾市热力供应有限公司,141000000031826,临汾市尧都区贡院东街步行街中段,"2,000万元"
淮安市兴淮农村经济发展有限公司,320803000073960,淮安市淮安区东门大街（区人武部西侧）,100000万元人民币
德清县下渚湖湿地旅游发展有限公司,330521000007897,德清县三合乡二都集镇,10000万元人民币
重庆金凤电子信息产业有限公司,500107000078627,重庆市九龙坡区金凤路108号,20000万元人民币
句容新农建设发展有限公司,321183000090689,句容经济开发区华阳西路（开发区管委会院内）,10000万元人民币
启东市临海公路建设工程有限公司,320681000220075,启东市人民中路７２０号,30000万元人民币
湖州新城公用工程有限公司,330500000018410,湖州市青铜路76、78号,20000万元人民币
洪泽县现代新农村投资发展有限公司,320829000042883,洪泽县东九道北侧、东三街东侧（东九道26号县政府大楼9楼）,24700万元人民币
南京金港投资有限公司,320100000038616,南京市栖霞区甘家边东108号1幢501室,21500万元人民币
扬州鼎兴开发建设有限公司,321002000001966,扬州市鼎兴路89号(食品工业园内),40000万元人民币
盱眙县天源水务有限公司,320830000065169,盱眙县淮河东路18号,61000万元人民币
华容县鑫源农业发展有限公司,430623000008950,华容县城关镇水乡街1号,5000.0万人民币
海城市西柳物流服务有限公司,210381009148172,海城市西柳镇码头村,4500万人民币
内蒙古庆华集团阿拉善百灵煤炭有限责任公司,150000000007296,内蒙古自治区阿左旗呼鲁斯太镇百灵矿区,30000万人民币元
涟水县涟缘水务有限公司,320826000002226,涟水县城今世缘大道568号,10566万元人民币
江苏武进太湖湾旅游发展有限公司,320483000021301,武进区雪堰镇城湾村百渎,50000万元人民币
新沂市交通物流有限公司,320381000004640,新沂市钟吾路交通大厦,10000万元人民币
安徽天润化学工业股份有限公司,340000400004104,安徽省蚌埠市江淮路71号,"9,155万元"
重庆市长寿区浩湖渔业有限公司,500221000024583,重庆市长寿区长寿湖镇湖滨路25号,800万元人民币
南京路鹏建设工程有限公司,320123000163146,南京市六合区横梁镇兴镇路,2000万元人民币
苏州沙家浜旅游发展有限公司,320581000008980,常熟市沙家浜镇芦苇荡,52000万元人民币
重庆西彭铝产业区开发投资有限公司,500107000038118,重庆市九龙坡区西彭镇铝城大道88号,50000万元人民币
江西有色建设集团有限公司,360000110002834,江西省南昌市红谷滩新区会展路29号,30069万元
台安县供热有限责任公司,210321006106761,台安县台安镇台盘路南台安供热公司院内办公楼,5000万人民币
营口沿海供热有限公司,210800004136001,辽宁（营口）沿海产业基地新联大街东1号,53572.4万人民币
西安高新区草堂科技产业基地发展有限公司,610131100021187,西安高新区草堂科技产业基地管理办前楼,120000 万
江苏恒瑞投资开发有限公司,320982000003750,大丰市南翔西路666号,100000万元人民币
南通世锦实业有限公司,320683000232788,南通市通州经济开发区世纪大道197号,68000万元人民币
淮安民用机场有限责任公司,320800000055945,淮安经济技术开发区海口路9号,41619.62万元人民币
南京市溧水区昱达商贸集团有限公司,320124000002976,南京市溧水区永阳镇珍珠南路2号,101280.7488万元人民币
连云港连岛旅游开发有限公司,320700000005551,连云港市连云区连岛街道,4000万元人民币
徐州市贾汪都市旅游投资发展有限公司,320305000027830,徐州市贾汪区泉城商务大厦B楼,120000万元人民币
南京龙潭物流基地开发有限公司,320113000004078,南京市栖霞区龙潭镇疏港路1号,99100万元人民币
扎兰屯市扬旗山水利枢纽有限责任公司,152103000002830,扎兰屯市水务局院内,3000万人民币元
邳州市交通工程有限公司,320382000001252,邳州市建设南路83号,7437万元人民币
余姚市高铁站场建设投资有限公司,330281000075950,余姚市南雷南路388号,54000万元人民币
金沙县路桥工程投资有限公司,522424000056548,贵州省毕节市金沙县城关镇红岩交通小区内,1500万元人民币
泰州华诚医学投资集团有限公司,321200000018081,泰州市药城大道1号.,41000万元人民币
株洲市金科建设投资经营有限责任公司,430200000048583,湖南省株洲市荷塘区新华东路区政府内,13600.0万人民币
长兴南太湖投资开发有限公司,330522000027135,湖州南太湖（长兴）产业集聚区,40000万元人民币
,,,
锡林浩特市给排水有限责任公司,152502000009213,锡林浩特市那达慕大街5号,3960.0292万人民币元
郴州福升投资开发有限公司,431000000002466,郴州市苏仙区白露塘镇林邑大道郴州出口加工区管理委员会办公楼212房,20000.0万人民币
长兴县公路工程有限责任公司,330522000006413,浙江省长兴县雉城镇环城北路开发区,3000万元人民币
泰州市港城驾驶员培训有限公司,321203000045413,泰州市高港区许庄街道高港大道33号,20997.61万元人民币
重庆共享工业投资有限公司,500106000015283,重庆市沙坪坝区井口镇复兴48号,74500万元人民币
南京汤山温泉资源管理有限公司,320121000185562,南京市江宁区汤山街道延祥路汤水雅居东苑B区17楼,20928.86万元人民币
金堂县净源排水有限责任公司,510121000016554,金堂县赵镇滨江路一段378号,1000 万元人民币
镇宁自治县粮油购销有限责任公司,520423000050743,贵州省安顺市镇宁布依族苗族自治县贵州省安顺市镇宁布依族苗族自治县城关镇粮运路67号,267.68万元人民币
苏州德胜东弇建设发展有限公司,320585000006027,太仓市陆渡镇中市路24号,58500万元人民币
常德市金禹水利投资有限公司,430700000021481,常德市武陵区城西办事处穿紫河居委会柳叶大道2533号,10000.0万人民币
青州市宏利水务有限公司,370781018002571,青州市范公亭西路1035号,50000万元人民币
永州市凤凰园经济开发有限责任公司,431100000014359,永州市冷水滩区凤凰园凤凰路,10600.0万人民币
九江市北门旅游开发建设有限公司,360402110000576,江西省九江市庐山区长虹大道246号,3000万元
扬州化工产业园公共管廊有限公司,321081000005528,仪征市真州镇万年南路9号,37350万元人民币
淮安园兴投资有限公司,320804000001374,淮安市淮阴区淮河路188号,27000万元人民币
安吉县绿洲新农村建设有限公司,330523000035170,安吉县递铺镇胜利西路1号六楼,52000万元人民币
重庆市涪陵武陵山旅游开发有限公司,500102000009525,重庆市涪陵区武陵山乡石夹沟村六社,1000万元人民币
重庆麻柳沿江开发投资有限公司,500113000038333,重庆市巴南区麻柳嘴镇望江路136号,10000万元人民币
溧阳市城东农业科技有限公司,320481000071959,江苏中关村科技产业园泓口路218号C幢二楼,15000万元人民币
成都家具产业园建设投资有限公司,510125000063465,成都市新都区龙桥镇瑞云村一社,5000 万元人民币
道县财源建设有限公司,431124000005289,道县潇水南路21号（县财政局内）,36000.0万人民币
湄潭县绿色食品工业园区投资有限公司,520328000043104,贵州省遵义市湄潭县绿色食品工业园区,20000万元人民币
都江堰市建工建材有限责任公司,510181000012863,四川省成都市都江堰市江安路19号,52000 万元人民币
重庆云厦实业有限公司,500235000005963,重庆市云阳县新城三镇合一办公楼,12700万元人民币
无锡市长绿农业科技发展有限公司,320213000039360,无锡市新区硕放镇墙门西路58号,5010万元人民币
浙江天子湖实业投资有限公司,330523000003041,安吉县天子湖镇五福村,30000万元人民币
德清恒丰建设发展有限公司,330521000025573,德清县武康镇长虹中街198号,10000万元人民币
海安县区域供水有限公司,320621000001101,海安县海安镇长江中路146号,20000万元人民币
江苏瀛洲发展集团有限公司,320700000006242,连云港市海州区新浦经济开发区长江路69号,103000万元人民币
内江市东和旅游投资有限公司,511000000000753,内江市东兴区蟠龙路252号,500 万
无锡安阳山产业发展有限公司,320206000155687,无锡市惠山区阳山镇胜利路,32000万元人民币
六盘水市水务有限责任公司,520200000002090,贵州省六盘水市钟山区明湖路110,10000万元人民币
成都市新津水城水务投资有限责任公司,510132000006846,成都市新津县五津镇武阳中路107号,2000 万元人民币
吉林省松花湖生态示范园开发有限公司,220211000003511,吉林市丰满区阿什村三社,2100万元人民币
重庆黑山谷旅游投资有限公司,500110000002888,重庆市万盛区万东北路46号附3号5楼,16820万元人民币
高邮开盛市政建设投资有限公司,321084000071118,高邮市凌波路,27680万元人民币
纳雍县金熙开发投资有限公司,522426000101368,纳雍县雍熙镇毕纳路108号,10000万元人民币
淮安恒兴综合大市场开发有限公司,320804000080354,淮阴区珠江路（租江苏欧蓓莎置业有限公司房屋）,13500万元人民币
武隆县投资有限责任公司,500232000003942,重庆市武隆县巷口镇建设东路35号,33000万元人民币
株洲市华强云峰湖片区建设开发有限公司,430200000053079,湖南省株洲市石峰区云龙示范区云龙大道88号,3000.0万人民币
无锡雪浪科教产业投资发展有限公司,320211000012719,无锡太湖新城科教产业园震泽路27号,100000万元人民币
百色百矿集团有限公司,451000000008712,百色市右江区东笋路23号,"20,000万人民币元"
天津天自有源自来水有限公司,120222000063269,天津市武清区自行车王国产业园区康园道北侧,2000万人民币
彭山发展矿产开发有限公司,511422000016610,眉山市彭山区彭祖大道北段,20000 万
梁平县兴路道路桥梁工程有限公司,500228100001142,重庆市梁平县梁山镇迎宾路9号,10000万元人民币
锦州北山建筑工程有限责任公司,210700004061473,辽宁省锦州市凌河区松坡路五段16号,10486万人民币
,,,
重庆市长寿区丰碑建设有限公司,500221000015822,重庆市长寿区晏家街道齐心大道20号,5000万元人民币
安丘市华安水务有限公司,,安丘市经济开发区青云大街,80000万元人民币
株洲市湘江风光带建设开发有限公司,430200000045677,湖南省株洲市芦淞区沿江中路8号,20000.0万人民币
天津东丽湖建设发展有限公司,120110000066178,天津市东丽区东丽湖旅游度假区,180000万人民币
苏州市金桥汽车产业园管理有限公司,320506000264211,苏州市吴中区木渎镇金枫路西侧,37801万元人民币
邵东新区开发建设投资有限责任公司,430521000005492,邵东县电信大厦12-14楼,15800.0万人民币
岳阳市云河建设开发有限公司,430600000016355,湖南岳阳绿色化工产业园,5000.0万人民币
三亚凤凰国际机场有限责任公司,460200000006138,海南省三亚市凤凰路凤凰国际机场,431932.4866万
重庆市南川区昌达交通投资有限公司,500384000008533,重庆市南川区东城街道办事处火车大道1号,10000万元人民币
老河口市公路建设有限责任公司,420682000001523,湖北省老河口市三环路中段,"3,100万元"
泰州市鑫海投资有限公司,321202000003369,泰州市海陵工业园区管委会101、102室,60080万元人民币
湖州春语建设有限公司,330504000002439,湖州市南浔镇泰安西路780号,6000万元人民币
如皋市富港工程建设有限公司,320682000225539,如皋市长江镇纬五路88号,22000万元人民币
重庆大足石刻国际旅游集团有限公司,500225000001963,重庆市大足区棠香街道棠凤路766号棠香一路5号,25800万元人民币
扬州鑫域建设工程有限公司,321088000192661,扬州市江都区新都南路反坎河以南(职教集团行政楼),30000万元人民币
江苏崇明科技实业有限公司,321183000008525,句容经济开发区华阳西路（建设开发建设总公司院内）,2000万元人民币
淮安开发物流有限公司,320891000025445,淮安经济技术开发区富誉路3号,20000万元人民币
南京江宁水务集团有限公司,320121000116701,南京市江宁经济技术开发区高湖路88号,50000万元人民币
江苏句容赤山湖生态环境建设发展有限公司,321183000059736,句容市三岔赤山湖（赤山湖水利枢纽管理处院内）,55500万元人民币
铜仁市水务投资有限责任公司,522200000001784,贵州省铜仁市铜仁市环东路58号,100000万元人民币
江苏惠海旅游发展有限公司,320621000235333,海安县城东镇黄海大道55号,10000万元人民币
无锡市北塘建设投资发展有限公司,320200000172200,无锡市凤宾路58号,60000万元人民币
崇州市兴旅景区管理有限公司,510184000030514,崇州市崇阳镇永安中路1号,10000 万元人民币
连云港祥云投资有限公司,320723000003078,灌云经济开发区西苑南路东侧,30000万元人民币
重庆绅鹏实业开发有限公司,500224000003803,重庆市铜梁区东城街道办事处迎宾东路388号,3300万元人民币
都江堰市阳光旅游发展有限责任公司,510181000018458,四川省成都市都江堰市复兴街50号,500 万元人民币
吉林市新北投资有限公司,220214000015448,吉林市深圳街6号（火炬大厦20层）,22000万元人民币
无锡市北塘投资发展有限公司,320200000170622,无锡市凤宾路58号,160415.32万元人民币
常德市城市公用资产经营管理有限公司,430700000014208,湖南省常德市武陵区穿紫河街道办事处长胜桥社区洞庭大道中段1388号,10000.0万人民币
淮安市华盛园林建设有限公司,320800000062254,淮安工业园区潘园路4号第五层509室,5000万元人民币
梅州市华宏水利水电工程有限公司,441424000003914,五华县河东镇琴江大桥侧,1230万人民币元
,,,
淮安市交通控股有限公司,320800000003908,淮安市淮海南路85号,141753.96万元人民币
陕西明泰工程建设有限责任公司,610000100073975,西安市科技七路18号,50000 万
重庆市德感工业园区建设有限公司,500381000011195,重庆市江津区德感工业园,90000万元人民币
镇江市丹徒区新农村发展建设有限公司,321121000056526,镇江市丹徒新城芳草园1幢第1层102室,30000万元人民币
湖州吴兴东部新农村建设投资有限公司,330500000008784,湖州市吴兴区八里店镇政府办公大楼后楼,11180万元人民币
如皋市顾庄生态园开发建设有限公司,320682000163758,如皋市如城街道益寿南路188号,18000万元人民币
江苏邗建集团万达市政工程有限公司,321027000004199,扬州市邗江经济开发区吉安路209号,4016万元人民币
南通洋口港综合开发有限公司,320623000000237,如东县洋口镇洋口大道东侧,10200万元人民币
宁波枫林绿色能源开发有限公司,330200000057215,海曙区解放南路208号,20000万元人民币
常州市武进广播电视投资发展有限公司,320483000258247,武进区湖塘镇花园街155号,5000万元人民币
浙江西塘旅游文化发展有限公司,330421000006439,嘉善县西塘镇南苑路258号,4165万元人民币
,,,
,,,
苏州新区新宁自来水发展有限公司,320512000006216,,
,,,
,,,
,,,
,,,
,,,
,,,
,,,
,,,
,,,
,,,
,,,
,,,
,,,
,,,
,,,
,,,
,,,
,,,
,,,
,,,
,,,
,,,
,,,
,,,
,,,
,,,
,,,
,,,
,,,
,,,
,,,
,,,
,,,
,,,
,,,
,,,
,,,
,,,
,,,
,,,
,,,
,,,
,,,
,,,
,,,
,,,
天津市天房科技发展股份有限公司,120193000016262,天津市华苑产业区华天道6号海泰大厦B座704室-8,13600万人民币
南京江宁滨江物流有限公司,320121000140990,南京市江宁滨江经济开发区天成路18号,90000万元人民币
徐州新源水务有限公司,320306000009497,徐州淮海食品城饮食文化村A1楼,10000万元人民币
瑞安市水务集团有限公司,330381000072781,瑞安市安阳街道万松东路,14642.6万元人民币
仪征城乡水务有限公司,321081000004402,仪征市真州西路31号,22090万元人民币
上海金丰建设发展有限公司,310115000895732,浦东峨山路488号308室,3200.0万人民币
江苏东升水务建设工程有限公司,321300000000765,宿迁经济技术开发区发展大道西侧（商务中心2245室）,5180万元人民币
天津市凯泰建材经营有限公司,120101000081516,天津市和平区常德道80号1009号,15000万人民币
常熟市虞山尚湖旅游发展有限责任公司,320581000182604,常熟市尚湖风景区,50000万元人民币
,,,
上海朗诗建筑科技有限公司,310115001091848,浦东新区浦东大道2123号3C－1052室,5000.0万人民币
,,,
盐城市大纵湖湖区资源开发有限公司,320928000061254,盐城市盐都区大纵湖镇平湖南路,66510万元人民币
南京市浦口区水务建设发展有限公司,320111000005025,南京市浦口区江浦街道文德东路111号,11918.02万元人民币
贵州林都园林工程有限公司,520100000042769,贵州省贵阳市贵州省贵阳市云岩区白云大道南段３０５号,2000万元人民币
江苏瑞洁塑料管材管件有限公司,320800400000504,淮安经济技术开发区南马厂大道9号,8174.94万元人民币
如皋市交通服务发展有限公司,320682000208224,如城镇中山路南467号,12000万元
江苏淮阴水利建设有限公司,320800000000039,淮安经济技术开发区深圳路9号,50275.161万元人民币
镇江市风景旅游发展有限责任公司,321100000087388,镇江市润州区林隐路66号,100000万元人民币
江苏容丰现代农业科技有限公司,321183000069787,句容市华阳镇东昌南路20号,10000万元人民币
天津第六市政公路工程有限公司,120000000014426,天津市南开区北草坝9增2号,12300万人民币
淮安软件园管理发展有限公司,320891000009025,淮安经济技术开发区高教园区承德南路266号,45000万元人民币
大丰市高鑫投资有限责任公司,320982000129278,大丰市高新技术区五一路1号,100000万元人民币
江苏茅山福地旅游有限公司,321183000063313,句容市茅山风景区大茅路北侧A幢,10000万元人民币
海安县广播电视信息网络有限公司,320621000003343,海安县海安镇江海西路15号,2000万元人民币
营口沿海产业物流基地有限公司,210800004029880,辽宁(营口)沿海产业基地管委会新联大街东1号,1100万人民币
大丰市大丰港农业发展有限公司,320982000001094,大丰市大丰港区中央大道1号,2000万元人民币
,,,
无锡市滨湖商旅文化发展有限公司,320211000138912,无锡市鸿桥路879号,40000万元人民币
天津帝达地热开发有限公司,120110000014281,天津市东丽经济开发区,8000万人民币
浏阳市水利建设投资有限公司,430181000061197,浏阳市行政中心西北角,18000.0万人民币
河南省平顶山中亚路桥建设工程有限公司,410491100003775,湛河区新南环路南侧(铁炉村对面),"30,800万元"
内蒙古额济纳旗庆华马克那林苏海特商贸有限责任公司,152900000006351,内蒙古自治区阿拉善盟额济纳旗达来库布镇环城东路,50000万人民币元
南京远古水业股份有限公司,320100000028246,南京市六合区大厂新华西路70号,23566万元人民币
江苏古运河投资发展有限公司,320200000014233,无锡市南长区南长街198号,100000万元人民币
江苏江南商贸集团有限责任公司,320581000006832,常熟市新颜路88号,98189万元人民币
,,,
江苏枣林湾实业有限公司,321081000001068,仪征市铜山办事处铜山街道,8402.87万元人民币
浙江安吉修竹绿化工程有限公司,330523000017051,递铺镇通凌路,62000万元人民币
南京化学工业园公用事业有限责任公司,320193000000222,南京化学工业园区天圣路156号,36000万元人民币
寿县农业发展投资有限公司,341521000013920,安徽省六安市寿县寿春镇寿蔡路中国农业发展银行寿县支行院内,"25,671.5686万元"
重庆北鼎建设开发有限公司,500383000018941,重庆市永川区三教镇玉峰村,10000万元人民币
安徽淮河化工股份有限公司,340000000046437,安徽省淮南市望峰岗镇,"3,283.692万元"
义乌市水务建设集团有限公司,330782000046748,浙江省义乌市西城北路77号,52000万元人民币
宝信国际融资租赁有限公司,610100400008595,西安市高新区科技五路8号数字大厦三层,50000万 人民币元
天津泰达股份有限公司,120000000006354,天津开发区第三大街16号,147557.3852万人民币
东北制药集团股份有限公司,210100000035297,沈阳经济技术开发区昆明湖街,47465.507万人民币
山西西山煤电股份有限公司,140000100074288,太原市西矿街318号西山大厦,"315,120万元"
广东省高速公路发展股份有限公司,440000400006921,广州市白云路８５号,125711.7748万人民币元
广东电力发展股份有限公司,440000400015088,广州市天河东路2号粤电广场南塔23、25、26层,437523.6655万人民币元
东莞发展控股股份有限公司,440000400012803,东莞市南城区科技工业园科技路39号,103951.6992万人民币元
新疆中泰化学股份有限公司,650000040000249,新疆乌鲁木齐经济技术开发区阳澄湖路39号,139023.9078 万
云南锡业股份有限公司,530000000010535,云南省昆明市高新技术产业开发区,115122.0391万
贵州轮胎股份有限公司,520000000030272,贵州省贵阳市百花大道41号,77546.4304万元人民币
唐山冀东水泥股份有限公司,130000000020886,河北省唐山市丰润区林荫路,134752.2914万人民币
河北建投能源投资股份有限公司,130000000008429,石家庄市裕华西路9号,179162.6376万人民币
湖北能源集团股份有限公司,420000000022957,武汉市武昌区徐东大街96号,"534,874.9678万元"
徐工集团工程机械股份有限公司,320300000017304,江苏省徐州经济开发区工业一区,206275.8154万元人民币
太原煤气化股份有限公司,140000100069593,太原市和平南路83号.,"51,374.7万元"
珠海港股份有限公司,440400000142072,珠海市南水镇榕湾路16号2001-2号办公,78954.0919万
天津津滨发展股份有限公司,120000000005860,天津开发区黄海路98号二区B座一门501室,161727.2234万人民币
湖北宜化化工股份有限公司,420000000032278,宜昌市猇亭区,"89,786.6712万元"
广西柳工机械股份有限公司,450200200019035,柳州市柳太路１号,"112,524.2136万元"
陕西省天然气股份有限公司,610000400000319,西安市经济技术开发区A1区,101683.735万 人民币元
福建三钢闽光股份有限公司,350000100009562,三明市梅列区工业中路群工三路,53470.0万人民币
冀中能源股份有限公司,130000000009735,河北省邢台市中兴西大街１９１号,353354.685万人民币
山东晨鸣纸业集团股份有限公司,370000400001170,山东省寿光市圣城街595号,193640.5467万人民币
鲁西化工集团股份有限公司,370000018010623,聊城市鲁化路68号,146486.0778万元人民币
南京宁西道路桥梁工程有限公司,320111000003191,南京市浦口区珠江镇环城东路3号,4000万元人民币
青岛澳洋塑料制品有限公司,370211018021548,青岛经济技术开发区前湾港路315号,500万元人民币
重庆天彩铝业有限公司,500102000007438,重庆市涪陵江东办事处坝上村二、三组(白塔变电站旁),2067.05万元人民币
无锡高新物流中心有限公司,320213000002962,无锡市高浪东路1号,44570万元人民币
河北钢铁股份有限公司,130000000022521,石家庄市裕华西路40号,1061860.7852万人民币
南京港股份有限公司,320000000016550,南京市和燕路251号1幢1101室,24587.2万元人民币
新疆北新路桥集团股份有限公司,650000040000128,新疆乌鲁木齐高新技术产业开发区高新街217号盈科广场A座16-17层,55732.72 万
广东水电二局股份有限公司,440000000027515,广州市天河区珠江新城华明路9号华普广场西塔21层,60113.1029万人民币元
青海盐湖工业股份有限公司,630000100009557,青海省格尔木市黄河路28号,"159,050.9203万元"
秦川机床工具集团股份公司,610000100146943,宝鸡市姜谭路22号,69337.091 万
中山公用事业集团股份有限公司,440000000047235,广东省中山市兴中道18号财兴大厦北座,77868.3215万人民币元
铁岭新城投资控股股份有限公司,510100000151631,铁岭市凡河新区金沙江路12号,54986.0862万人民币
佛山市国星光电股份有限公司,440600000000669,佛山市禅城区华宝南路18号,47575.1669万人民币元
山西太钢不锈钢股份有限公司,140000100063394,太原市尖草坪街2号,"569,624.78万元"
河南新野纺织股份有限公司,410000000022187,河南省新野县城关镇书院路１５号,"51,975.84万元"
,,,
安徽华茂纺织股份有限公司,340000000025385,安徽省安庆市纺织南路80号,"94,366.5009万元"
湖南黄金股份有限公司,430000000009049,长沙市雨花区芙蓉中路二段金源大酒店16楼,113186.4036万人民币
重庆建峰化工股份有限公司,500000000003898,重庆市涪陵区白涛街道,59879.9235万元人民币
江苏舜天船舶股份有限公司,320000000022880,南京市雨花台区软件大道21号,37485万元人民币
昆明云内动力股份有限公司,530000000012122,云南省昆明经济技术开发区经景路66号,79901.3968万人民币
芜湖海螺型材科技股份有限公司,340000000017738,安徽省芜湖市经济技术开发区,"36,000万元"
南宁糖业股份有限公司,450000000000566,南宁市青秀区古城路10号,"32,408万元"
深圳市机场股份有限公司,440301103462216,深圳宝安国际机场第一办公楼三、四层,169024.32万元人民币
江西万年青水泥股份有限公司,360000110006330,江西省上饶市万年县,61336.4368万元
中国武夷实业股份有限公司,350000100029637,福建省福州市鼓楼区温泉街道五四路89号置地广场4层01店面,38945.244万人民币
,,,
天津天保基建股份有限公司,120000000000438,天津空港经济区西五道35号汇津广场1号楼-602,100893.7178万人民币
云南旅游股份有限公司,530000000004317,云南省昆明市白龙路世博园,31201.0107万
广州恒运企业集团股份有限公司,440101000078533,广州市萝岗区西基工业区西基路,68508.282000万元人民币
成都市兴蓉环境股份有限公司,620000000016003,成都市青羊区苏坡乡万家湾村,298621.8602 万元人民币
重庆渝开发股份有限公司,500000000005053,重庆市渝中区重庆村55号2单元39层,84377.0965万元人民币
本钢板材股份有限公司,210000004931633,辽宁省本溪市平山区人民路16号,313600万人民币
,,,
云南白药集团股份有限公司,530000000023196,云南省昆明市呈贡区云南白药街3686号,104139.9718万
福建漳州发展股份有限公司,350000100031275,漳州市胜利东路漳州发展广场,88414.6545万人民币
甘肃电投能源发展股份有限公司,620000000003961,甘肃省兰州市城关区北滨河东路69号甘肃投资集团大厦,72215.79万元人民币
广东省粤科金融集团有限公司,440000000098903,广东省广州市天河区珠江西路17号广晟国际大厦4501房,180000万人民币元
,,,
天津中环半导体股份有限公司,120000000000036,天津新技术产业园区华苑产业区（环外）海泰东路12号,229626.0159万人民币
重庆市涪陵国有资产投资经营集团有限公司,500102000020959,重庆市涪陵区太极大道7号9楼,200000万元人民币
包头市城乡发展投资有限责任公司,150200000003053,内蒙古自治区包头市九原区沙河镇沙河街（包头市九原区经贸局办公楼）,12000万人民币元
海宁市城市发展投资集团有限公司,330481000015959,海宁市海洲路89号,200000万元人民币
绍兴市协通实业发展有限公司,330600000131665,绍兴市越城区中兴北路195号,2200万元人民币
南京东部园林绿化建设发展有限公司,320102000006970,南京市玄武区花园路2号六层,11000万元人民币
绍兴市柯桥区中心城建设投资开发有限公司,330621000061213,绍兴市柯桥区柯桥群贤路2069号10楼,20000万元人民币
宁海县城投集团有限公司,330226000044913,宁海县跃龙街道桃源中路135号,50000万元人民币
安吉县城西北开发有限公司,330523000052765,递铺镇胜利西路1号6楼,38000万元人民币
湖州吴兴南太湖建设投资有限公司,330500000006955,湖州市湖东路457号,60000万元人民币
绍兴市城中村改造建设投资有限公司,330600000146583,绍兴市中兴南路756号外山小学综合办公楼3楼,8223万元人民币
安顺市城市建设投资有限责任公司,522500000005436,贵州省安顺市安顺市西秀区中华东路（原东门坡友爱路段）,22527.4964万元人民币
徐州市新城区国有资产经营有限责任公司,320306000000746,徐州淮海食品城饮食文化村A1号楼,35000万元人民币
淮安新城投资开发有限公司,320800000054617,淮安市福地路1号1号楼3、4层,429862.48万元人民币
长兴城市建设有限公司,330522000002293,长兴县雉城镇金陵中路257号,130000万元人民币
广西柳州市建设投资开发有限责任公司,450200000011068,柳州市学院路35号,"12,500万元"
嘉兴市闻源水务投资有限公司,330411000051116,秀洲区王江泾镇古塘路,10000万元人民币
贵州高速公路投资有限公司,520000000032240,贵州省贵阳市北京路266号,100000万元人民币
绍兴市上虞区交通投资有限公司,330682000038862,绍兴市上虞区百官街道市民大道678号第八层811-812室,10000万元人民币
宁波市镇海区海江投资发展有限公司,330211000046627,宁波市镇海区招宝山街道聪园路118号(建设银行9楼),37000万元人民币
余姚经济开发区建设投资发展有限公司,330281000034554,余姚市子陵路203号,46000万元人民币
湖州市中兴建设开发公司,330500000019390,湖州龙王山路888号,150000万元人民币
,,,
济宁四和供热有限公司,370800018014087,济宁市共青团北路11号,1230万元人民币
江西南昌旅游集团有限公司,360100110010151,江西省南昌市西湖区沿江中路７７号,59193万元
广东海航乐万家连锁超市有限公司,441400000005996,梅州市环市北路运兴市场内,16000万人民币元
江苏太仓港开发建设股份有限公司,320000000009163,江苏太仓市城厢镇太平北路２９号,50000万元人民币
云南省工业投资控股集团有限责任公司,530000000012544,云南省昆明经济技术开发区出口加工区顺通大道50号,640000.0万
湖南德山建设投资股份有限公司,430700000012180,湖南省常德经济技术开发区德山办事处莲花池居委会八组（德山中路）,10000.0万人民币
,,,
成都人居置业有限公司,510109000015164,成都高新区锦城大道999号,64032 万元人民币
,,,
广西物资集团有限责任公司,450000000008853,南宁市青秀区东葛路７８号,"39,689.3292万元"
,,,
江门市新会银海发展有限公司,440782000003530,江门市新会区会城尚志街4号,116502.9225万人民币元
,,,
株洲循环经济投资发展集团有限公司,430200000028129,湖南省株洲市石峰区响田路石峰大桥桥头,60000.0万人民币
成都铸康实业有限公司,510123000078539,成都市温江区永宁芙蓉古城川西区11号,30000 万元人民币
山东钢铁集团有限公司,370000000000277,山东省济南市高新区舜华路2000号舜泰广场4号楼,1045000万元人民币
都江堰兴堰投资有限公司,510181000003033,四川省成都市都江堰市幸福镇联盟村四组1幢,21800 万元人民币
广西正润发展集团有限公司,451100000001645,贺州市电子科技园区正润大道1号,"20,000万元"
,,,
都匀市城市建设投资发展有限公司,522701000152783,贵州省黔南布依苗族自治州都匀市工人路9号（都匀市工行桥城支行办公室）,28500万元人民币
北京新奥集团有限公司,110000006339999,北京市朝阳区亚运村北辰东路8号,180250万元人民币
泰州市新滨江开发有限责任公司,321200000001491,泰州经济开发区滨江工业园疏港路2号,433000万元人民币
漳州市九龙江集团有限公司,350600100034416,漳州市芗城区上街1号片仔癀综合大楼18层,200000.0万人民币
天津市海河建设发展投资有限公司,120000000001973,天津市华苑产业区物华道2号海泰火炬创业园A-306室,206000万人民币
贵州省物资集团有限责任公司,520000000035943,贵州省贵阳市富水北路68号,51263.78万元人民币
城发投资集团有限公司,370211018020848,青岛经济技术开发区长江中路519号建国大厦七层,295547.85万元人民币
伊宁市国有资产投资经营有限责任公司,654101030000459,伊宁市胜利街109号,7207 万
成都元成建筑安装工程有限公司,510122000094217,成都市金堂县淮口镇学府街2号,2006 万元人民币
湖南平江常胜建设发展有限公司,430626000003345,平江县伍市镇普庆村（伍市工业园）,20000.0万人民币
苏州历史文化名城保护集团有限公司,320503000000368,苏州市临顿路216号7号楼,45087.54万元人民币
宜兴市城市发展投资有限公司,320282000025826,宜兴市宜城街道荆溪中桥五局大院,200000万元人民币
上海大新华航运发展有限公司,310115001146216,中国（上海）自由贸易试验区业盛路188号A楼414室,60000.0万人民币
大连黄海港务有限公司,210283000040777,辽宁省庄河市昌盛街道打拉腰村（市政府房屋）,9914.076万
呼和浩特春华水务开发集团有限责任公司,150100000009706,内蒙古自治区呼和浩特市赛罕区新华东街１０号,8395.6万人民币元
,,,
云南城投置业股份有限公司,530000000004673,云南省昆明市民航路869号融城金阶A座,107045.7939万人民币
泰州华信药业投资有限公司,91321291782712917Y,泰州市富野路1号.,288851.1554万元人民币
,,,
海航基础产业集团有限公司,460000000265072,海南省海口市琼山区琼州大道21号琼山商务局大楼三楼310房,1552574.08万
济源市济康科技有限公司,419001000042126,济源市文津街1号,"20,000万元"
山西煤炭进出口集团有限公司,140000100004562,太原市长风街115号..,"200,000万元"
,,,
杭州富阳交通发展投资集团有限公司,330183000012456,杭州市富阳区富春街道龙山路130号7-8楼（永兴大厦）,100000万元人民币
扬中市中扬现代渔业产业发展有限公司,321182000067562,扬中市三茅镇永和村,15000万元人民币
江苏句容福地生态科技有限公司,321183000007053,句容市华阳镇华阳东路16号,102000万元人民币
镇江交通产业集团有限公司,321100000001704,镇江市润州区官塘桥路200号,100000万元人民币
昆明滇池国家旅游度假区国有资产投资经营管理有限责任公司,530100000019278,昆明市度假区滇池路西贡码头第8幢1-3层,100000.0万人民币
无锡锡东科技投资控股有限公司,320205000007565,无锡市锡山经济开发区友谊南路88号,150000万元人民币
唐山市通顺交通投资开发有限责任公司,130200000135249,路北区大里路125号,50000.0万人民币
,,,
鞍山市鸿成实业有限公司,210381009145901,辽宁省鞍山市海城市腾鳌管委会楼内,15000万人民币
嘉兴市湘家荡发展投资集团有限公司,330400000014471,嘉兴市南湖区七星镇湘家荡旅游度假区内江南新家园商铺46－80号,150000万元人民币
,,,
贵州遵义高速公路建设投资有限公司,520300000040573,遵义市汇川区苏州路市交通运输局六楼,109700万元人民币
新郑市政通投资控股有限公司,410184000019330,新郑市中华路南段188号,"90,000万元"
广西铁路投资集团有限公司,450000000015266,南宁市青秀区金浦路33号港务大厦27层,"1,420,783.3356万元"
成都市润弘投资有限公司,510124000037703,郫县郫筒镇望丛中路326号,100000 万元人民币
海安县交通建设投资有限公司,320621000001474,海安县海安镇江海西路1号,10000万元人民币
安吉县大竹海旅游有限公司,330523000016753,天荒坪镇港口村,5000万元人民币
中山市城市建设投资集团有限公司,442000000000332,中山市东区兴政路1号中山中环广场1座901号、902号之二卡,123590.869万人民币元
漳州市交通发展集团有限公司,350600100035714,福建省漳州市龙文区水仙大街交通服务指挥中心附属楼五楼,200000.0万人民币
靖江市华宇投资建设有限公司,321282000001009,靖江经济开发区康桥路1号,23800万元人民币
新沂市交通投资有限公司,320300000232978,新沂市钟吾南路交通大楼第五层,60000万元人民币
,,,
无锡惠憬城市发展有限公司,320206000148462,无锡市惠山区西漳天一街56号,90000万元人民币
江阴市公有资产经营有限公司,320281000009467,江阴市暨阳路12号,30000万元人民币
泸州市工业投资集团有限公司,510500000004691,泸州市江阳区迎晖路47号6楼,150000 万
贵州省福泉磷矿有限公司,522702000127342,贵州省黔南布依苗族自治州福泉县福泉市高坪乡英坪村,50000万元人民币
苏州汾湖投资集团有限公司,320584000082572,吴江区黎里镇府前路北侧,300000万元人民币
湘潭市两型社会建设投融资有限公司,430300000028319,湘潭市雨湖区大湖北路98号市财政局办公楼一楼,110000.0万人民币
长兴县永兴建设开发有限公司,330522000019098,长兴县雉城镇县前街402号,71800万元人民币
邳州市恒润城市投资有限公司,320382000062535,邳州市长安路行政中心8号楼,101700万元人民币
连云港振兴实业集团有限公司,320700000001870,连云港市海州区兴隆路17号,38021.3万元人民币
,,,
绍兴市城北新城建设投资有限公司,330600000023688,绍兴市灵芝镇梅山,30000万元人民币
南宁威宁投资集团有限责任公司,450100000128441,南宁市良庆区五象大道西段669号广西体育中心四楼,"803,523.558236万元"
广西来宾城建投资集团有限公司,451300000002431,来宾市滨江北路１２８号,"80,000万元"
成都兴城投资集团有限公司,510100000095376,成都市高新区濯锦东路99号,552540 万元人民币
无锡沪宁城铁惠山站区投资开发建设有限公司,320206000127626,无锡市惠山区前洲街道常玉路52,117500万元人民币
济南高新控股集团有限公司,370127000000314,济南市工业南路28号,200000万元人民币
湘潭九华经济建设投资有限公司,430300000006929,湘潭九华示范区宝马东路1号九华大厦,60000.0万人民币
都江堰兴市投资有限公司,510181000037975,四川省成都市都江堰市翔凤路693号,20000 万元人民币
湖南洞庭资源开发有限公司,430624000005037,湘阴县文星镇先锋路吴家湾43号,14000.0万人民币
重庆市涪陵交通旅游建设投资集团有限公司,500102000002554,重庆市涪陵区兴华东路（荔枝顺江1、2社）C区负1层至13层,40000万元人民币
伊犁哈萨克自治州财通国有资产经营有限责任公司,654101030001134,新疆伊犁州伊宁市新华西路64号,10000 万
威海市国有资本运营有限公司,371000000001467,山东省威海市高区怡园街道古寨东路119号2-8层,300000万元人民币
巴中经济开发区市政工程有限公司,511900000023790,四川省巴中市江北新区,1000 万
资阳市诚兴建设有限责任公司,512000000011220,资阳市芭蕉园市建设局内,50 万
浙江省浙商资产管理有限公司,330000000070558,杭州市西湖大道193号301室,151800万元人民币
大连普湾工程项目管理有限公司,210246000003572,辽宁省大连普湾新区普湾广场一号,200000万
江苏伟驰建设发展有限公司,320483000251212,江苏武进经济开发区腾龙路2号,220000万元人民币
利辛县春蕾农业发展有限责任公司,341623000001388,安徽省亳州市利辛县城关镇前进路18号,"10,000万元"
彭州市统一建设集团有限公司,510182000052992,成都市彭州市天彭镇小南街68号,12144 万元人民币
潍坊水务投资有限责任公司,,潍坊市峡山生态经济发展区峡山水库防汛调度中心,100000万元人民币
,,,
湖北省长江产业投资集团有限公司,420000000045645,武汉市洪山区珞珈山路19号,"325,050万元"
无锡锡东新城建设发展有限公司,320205000119652,无锡市锡山区安镇镇东兴路198号,340000万元人民币
云南省投资控股集团有限公司,530000000002852,云南省昆明市拓东路15号,1605300.0万人民币
,,,
,,,
河北省新合作控股集团有限公司,130000100002419,石家庄市建设南大街21号付一号,260000.0万人民币
镇江文化旅游产业集团有限责任公司,321100000001147,镇江市京江路1号,100000万元人民币
内蒙古高新控股有限公司,150208000011587,内蒙古自治区包头市稀土高新区创业园区,474963万人民币元
云南省城市建设投资集团有限公司,530100000028818,云南省昆明市高新区海源北路六号高新招商大厦,414221.44万
,,,
靖江市滨江新城投资开发有限公司,321282000005368,靖江市滨江新城区江阳路9号,50000万元人民币
龙城旅游控股集团有限公司,320400000003323,常州新北区汉江东路1号,100000万元人民币
常州市金坛茅山景区资产经营有限公司,320482000060352,常州市金坛区薛埠镇茅山度假村2号楼,45000万元人民币
天地源股份有限公司,310000000014943,中国（上海）自由贸易试验区张杨路500号26层K单元,86412.2521万人民币
湖南省高速公路投资集团有限公司,430000000049248,长沙市芙蓉区远大一路649号001栋715室,60000.0万人民币
重庆市黔江区八方建筑工程有限责任公司,500900000004280,重庆市黔江区正阳街道办事处群力居委(城投大厦1号楼6楼),2500万元人民币
南京化学工业园有限公司,320193000000191,南京化学工业园区方水路168号,496000万元人民币
云南建工集团有限公司,530000000002045,云南省昆明经济技术开发区信息产业基地林溪路188号,862982.8643万人民币
大连星海湾金融商务区投资管理股份有限公司,210200000161476,辽宁省大连市沙河口区中山路576-18号,10000万人民币
苏州高新区自来水有限公司,320512000003306,苏州高新区竹园路300号,67478.289332万元人民币
云南路桥股份有限公司,530000000003592,云南省昆明市官渡区关上宝海路星河明居,35000.0万人民币
都江堰兴市水业有限公司,510181000027627,四川省成都市都江堰市玉堂镇石牛村1组、2组,4000 万元人民币
无锡市新区发展集团有限公司,320213000001584,无锡市新区天山路5号,1083067.591863万元人民币
成都市龙泉现代农业投资有限公司,510112000007311,四川省成都市龙泉驿区龙泉街道董郎路229号,17787.21 万元人民币
张家界天门旅游经济投资有限责任公司,430802000000942,张家界市永定区永定大道251号,10000.0万人民币
武汉新港建设投资开发集团有限公司,420100000166822,东西湖区常青花园2小区40栋C单元,"86,163.49万人民币元"
贵州省公路工程集团有限公司,520000000024547,贵州省贵州省贵阳市白云大道南段３０５号,210300万元人民币
,,,
常熟市发展投资有限公司,320581000007227,常熟市金沙江路8号,787455.3万元人民币
上海国有资产经营有限公司,310000000072316,上海市徐汇区天钥桥路329号807室,550000.0万人民币
福建省能源集团有限责任公司,350000100016083,福州市省府路1号,1000000.0万人民币
浙江省国有资本运营有限公司,330000000075117,杭州市体育场路桃花弄2号4楼,180000万元人民币
山东海洋投资有限公司,370000000002246,济南市市中区旅游路28666号国华东方美郡1区6号楼,320000万元人民币
昆明市高速公路建设开发股份有限公司,530100000031485,昆明市盘龙路25号院1幢14楼,10000.0万人民币
福建省投资开发集团有限责任公司,350000100028716,福州市湖东路169号天骜大厦14层,1000000.0万人民币
,,,
山西国际电力集团有限公司,140000100001584,太原市东缉虎营３７号,"600,000万元"
南昌市政公用投资控股有限责任公司,360100110012204,江西省南昌市青山湖区湖滨东路1399号,246655.651853万元
大连港集团有限公司,210200000152848,辽宁省大连市中山区港湾街1号,400000万人民币
海通开元投资有限公司,310000000094802,上海市黄浦区广东路689号26楼07-12室,765000.0万人民币
南通汽运实业集团有限公司,320600000002675,姚港路2号,7344.9万元人民币
闽西兴杭国有资产投资经营有限公司,350823100004953,上杭县临江镇振兴路110号,36800.0万人民币
景德镇市国有资产经营管理有限公司,360200110000572,江西省景德镇市昌江区瓷都大道1109号,90000万元
新昌县交通投资有限公司,330624000024842,新昌县七星街道鼓山西路650号,15000万元人民币
,,,
绿地控股股份有限公司,310000000010224,上海市黄浦区打浦路700号,1216815.4385万人民币
泰豪科技股份有限公司,360000110005386,江西省南昌市高新开发区清华泰豪大楼,61924.5072万元
北京华胜天成科技股份有限公司,110000005143778,北京市海淀区学清路8号科技财富中心A座11层,64132.3885万元人民币
,,,
重庆路桥股份有限公司,500000000003814,重庆市渝中区和平路9号10-1号,90774.2万元人民币
中联重科股份有限公司,430000400000198,湖南省长沙市岳麓区银盆南路361号,770595.405万人民币
万科企业股份有限公司,440301102900139,深圳市盐田区大梅沙环梅路33号万科中心,1099521.0218万元人民币
焦作万方铝业股份有限公司,410000000024184,河南省焦作市马村区待王镇焦新路南侧,"120,284.4594万元"
凯迪生态环境科技股份有限公司,,武汉市东湖新技术开发区江夏大道特1号凯迪大厦,"150,729.2372万人民币元"
浙江报喜鸟服饰股份有限公司,330000000012956,浙江省永嘉县瓯北镇报喜鸟工业区,58600.937万元人民币
中国南玻集团股份有限公司,440301501125544,深圳市南山区招商街道工业六路一号南玻大厦,207533.556万元人民币
北京三聚环保新材料股份有限公司,110000002472736,北京市海淀区人大北路33号1号楼大行基业大厦9层,77822.345万元人民币
中兴通讯股份有限公司,440301103852869,深圳市南山区高新技术产业园科技南路中兴通讯大厦,343754.1278万元人民币
新疆金风科技股份有限公司,650000410001060,新疆乌鲁木齐经济技术开发区上海路107号,269458.8 万人民币元
博彦科技股份有限公司,110000410218438,北京市海淀区东北旺西路8号中关村软件园9号楼三区A座,16770万元人民币
河南辉煌科技股份有限公司,410100000015035,郑州市高新技术产业开发区科学大道74号,"37,665.642万元"
山西省经济建设投资集团有限公司,140000100005928,太原市小店区王村南街65号,"347,257.3万元"
浙江航民股份有限公司,330000000007710,杭州市萧山区瓜沥镇航民村,63531万元人民币
句容市茅山湖康体养生旅游度假有限公司,321183000118394,句容市后白镇二圣湖管理所旁,29500万元人民币
苏州相城经济开发区琳桥绿化有限公司,320507000004212,苏州相城经济开发区上浜村,23030万元人民币
镇江索普化工新发展有限公司,321100000009578,镇江市丹徒长岗,3400万元人民币
江苏扬安集团有限公司,321000000000540,扬州市史可法路19号,30018.105万元人民币
湖北福星科技股份有限公司,420000000029014,湖北省汉川市沉湖镇福星街1号,"71,235.565万元"
青岛市城阳蔬菜水产品批发市场有限公司,370214018012160,青岛市城阳区城阳村,4566万元人民币
南山集团有限公司,370681018010341,山东省龙口市南山工业园,100000万元人民币
常熟新材料产业园污水处理有限公司,320581000009013,江苏高科技氟化学工业园,48500万元人民币
广汇能源股份有限公司,650000060000192,新疆乌鲁木齐市经济技术开发区上海路16号,522142.4684 万
北京万通地产股份有限公司,110000005200607,北京市海淀区丹棱街16号海兴大厦B座8233房间,121680万元
上海豫园旅游商城股份有限公司,310000000001998,上海市文昌路19号,143732.1976万人民币
新湖中宝股份有限公司,330000000004201,嘉兴市中山路禾兴路口,813813.1967万元人民币
金发科技股份有限公司,440101000176979,广州市高新技术产业开发区科学城科丰路33号,256000.000000万元人民币
南京钢铁股份有限公司,320000000012926,南京市六合区卸甲甸,387575.2457万元人民币
杭州士兰微电子股份有限公司,330000000052991,杭州市黄姑山路4号,124716.8万元人民币
浙江康恩贝制药股份有限公司,330000000010348,兰溪市康恩贝大道1号,167382万元人民币
上海紫江企业集团股份有限公司,310000400004243,上海市申富路618号,151673.6158万人民币
宁波杉杉股份有限公司,330200000006090,宁波鄞州区望春工业园区云林中路238号,41085.82万元人民币
广东东阳光科技控股股份有限公司,440200000013599,广东省韶关市乳源县乳城镇侯公渡,246887.3909万人民币元
新光控股集团有限公司,330782000124437,义乌市青口工业区,66680万元人民币
江苏亨通光电股份有限公司,320000000014108,江苏省吴江市七都镇亨通大道88号,41375.6355万元人民币
华夏幸福基业股份有限公司,131000000030087,河北省固安县京开路西侧三号路北侧一号,264575.943万人民币
融创房地产集团有限公司,120111000006866,天津市西青区经济开发区七支路8号506、507室,1000000万人民币
海亮集团有限公司,330681000006692,诸暨市店口镇解放路386号,311980万元人民币
冠城大通股份有限公司,350000400000309,福州市开发区快安延伸区创新楼,148290.4725万人民币
,,,
大连万达商业地产股份有限公司,210200000021891,辽宁省大连市西岗区长江路539号,452734.76万
红豆集团有限公司,320205000064887,无锡市锡山区东港镇港下兴港路,109500万元人民币
祥源控股集团有限责任公司,330600000032825,绍兴市迪荡新城汇金大厦十楼,90000万元人民币
山东焦化集团有限公司,370300228093961,张店区柳泉路97号,300000万元人民币
,,,
东旭集团有限公司,130100000078969,河北省石家庄市高新区珠江大道369号,1107000.0万人民币
重庆龙湖企业拓展有限公司,500000400005327,重庆市北部新区人和镇柏林村龙湖西路8号,130800万元人民币
美都能源股份有限公司,330000000018153,浙江省德清县武康镇德清大道299号2601室、2602室,245103.7509万元人民币
昆药集团股份有限公司,530000000014415,云南省昆明市高新技术产业开发区科医路166号,34113.0177万人民币
五洋建设集团股份有限公司,330000000020340,浙江省绍兴市上虞百官街道江东北路588号11楼,37660万元人民币
梅花生物科技集团股份有限公司,540000400000032,拉萨市金珠西路189号,"310,822.6603万人民币元"
月星集团有限公司,320400000016878,常州市光华路198号,9000万元人民币
盛屯矿业集团股份有限公司,350200100006321,厦门市翔安区双沪北路1号之2二楼,149705.2305万人民币
中国泛海控股集团有限公司,100000000007739,北京市东城区建国门内大街28号民生金融中心C座23层,780000万元
旭辉集团股份有限公司,310000000092243,青浦区练塘镇练新东路,60000.0万人民币
泰州三福重工集团有限公司,321200000016875,泰州市高港区口岸镇口永路58号,5000万元人民币
山东金茂纺织化工集团有限公司,370524228008573,东营市东营区莒州路56号,14800万元人民币
绿城房地产集团有限公司,330000400003272,杭州市杭大路1号黄龙世纪广场A10楼,89500万元人民币
北京同创九鼎投资管理股份有限公司,110102013438139,北京市西城区金融大街7号英蓝国际金融中心F618,500000.0201万元人民币
,,,
河南黄河旋风股份有限公司,410000000023368,河南省长葛市人民路２００号,"69,503.1834万元"
安徽山鹰纸业股份有限公司,340000000014295,安徽省马鞍山市勤俭路3号,"376,693.9612万元"
九州通医药集团股份有限公司,420000400000103,湖北省武汉市汉阳区龙阳大道特8号,"164,700.9434万元人民币"
通威股份有限公司,510000000044041,成都市高新区二环路南四段11号,81710.9632 万元人民币
内蒙古亿利能源股份有限公司,150000000005071,内蒙古自治区鄂尔多斯市东胜区鄂尔多斯西街亿利大厦二层30号,208958.95万人民币元
内蒙古鄂尔多斯资源股份有限公司,152700400000363,内蒙古鄂尔多斯市东胜区罕台轻纺街1号,103200万人民币元
天士力制药集团股份有限公司,120000000001246,天津市北辰区普济河东道2号（天士力现代中药城）,108047.5878万人民币
永泰能源股份有限公司,140000110109740,灵石县翠峰镇新建街南110号,"1,119,463.9548万元"
四川西部资源控股股份有限公司,510706000003721,四川绵阳高新区火炬大厦B区,66189.0508 万元人民币
赛轮金宇集团股份有限公司,370211228042403,青岛经济技术开发区江山中路西侧(高新技术工业园),104269.8734万元人民币
骆驼集团股份有限公司,420000000010087,湖北省谷城县石花镇武当路83号,"85,163.575万元"
双良节能系统股份有限公司,320000400001692,江苏省江阴市利港镇,81008.3251万元人民币
桐昆集团股份有限公司,330000000014744,浙江省桐乡市洲泉镇金鸡路188号,96360万元人民币
广东榕泰实业股份有限公司,440000000003012,广东省揭阳市新兴东二路１号,60173万人民币元
江河创建集团股份有限公司,110000000236322,北京市顺义区牛汇北五街5号,115405万元人民币
华仪电气股份有限公司,330000000016512,浙江省乐清经济开发区中心大道228号,52688.3658万元人民币
新疆众和股份有限公司,650000040000431,新疆乌鲁木齐市高新区喀什东路１８号,64122.5872 万
浙江正泰电器股份有限公司,330000000007234,浙江省乐清市北白象镇正泰工业园区正泰路1号,131490.6385万元人民币
江苏综艺股份有限公司,320600000157784,江苏省南通市通州区兴东镇黄金村,130000万元人民币
康美药业股份有限公司,440000000006711,广东省普宁市流沙镇长春路中段,439742.8966万人民币元
健康元药业集团股份有限公司,440301501126176,深圳市南山区高新区北区朗山路17号健康元药业集团大厦,158387.9292万元人民币
江苏鹿港科技股份有限公司,320582000054425,张家港市塘桥镇鹿苑镇,37742.7123万元人民币
庞大汽贸集团股份有限公司,130200000020075,滦县火车站东一公里处,648011.3402万人民币
吉林华微电子股份有限公司,220200000001250,吉林市高新区深圳街99号,73808万元人民币
七台河宝泰隆煤化工股份有限公司,230900100015008,黑龙江省七台河市新兴区宝泰隆路16号,"136,750万人民币"
,,,
鹏博士电信传媒集团股份有限公司,510100000057602,成都市高新西区创业中心,140045.4049 万元人民币
富贵鸟股份有限公司,350500400054138,石狮市八七路东段富贵鸟工业园,133727.3万人民币
魏桥纺织股份有限公司,370000018046763,山东省邹平县魏桥镇齐东路34号,119438.9万元人民币
内蒙古伊泰煤炭股份有限公司,150000400001093,内蒙古鄂尔多斯市东胜区天骄北路,325400.7万人民币元
四川和邦生物科技股份有限公司,511100000001732,乐山市五通桥区牛华镇沔坝村,331223.8578 万
贵人鸟股份有限公司,350500400022497,晋江市陈埭沟西工业区,61400.0万人民币
深圳香江控股股份有限公司,440301103050934,深圳市福田区金田路皇岗商务中心1号楼3406A单元,76781.2619万元人民币
广州市时代地产集团有限公司,440101400006004,广州市白云区黄边北路向荣街338号101-A1房,8300.000000万元美元
,,,
,,,
瀚华金控股份有限公司,500000000002364,重庆市渝北区洪湖东路11号2幢6-9,460000万元人民币
浙江升华拜克生物股份有限公司,330000400001808,浙江省德清县钟管镇工业区,109498.297万元人民币
江苏新城地产股份有限公司,320400000004045,常州市武进区湖塘镇人民东路158号高新开发区经创中心,159318.72万元人民币
卧龙地产集团股份有限公司,330000000008831,浙江省绍兴市上虞区经济开发区,72514.746万元人民币
深圳市龙丹食品有限公司,440301103785800,深圳市福田区中心区民田路178号华融大厦32楼3205室,100万元人民币
南京瑞源建设工程有限公司,320121000042654,南京市江宁区秣陵街道殷华街28号,14200万元人民币
山东中磁视讯股份有限公司,370000228048848,济南市高新区舜华路2000号舜泰广场2号楼12层,6993万元人民币
湖北金叶玉阳化纤有限公司,420582000000231,当阳市广州路77号******,"10,507万元"
山东赛特新材料股份有限公司,370300400001666,山东省桓台县果里镇侯庄路60号,4546万元人民币
北京凯英信业科技股份有限公司,110108000409456,北京市海淀区学院路30号科大天工大厦B座18层01-15室,3988万元
,,,
北京正和恒基滨水生态环境治理股份有限公司,130300000013610,北京市海淀区永丰产业基地永捷北路3号A座3层314室,10780万元人民币
浙江夏之远船舶经营有限公司,330921000003400,舟山市普陀区沈家门街道菜市路185号财富商务楼11楼,20000万元人民币
四川柏狮光电技术有限公司,510000400002136,遂宁市国开区玉龙路610号柏狮光电园,5500 万元人民币
山东滨州新天阳化工有限责任公司,371600228018133,滨城区滨北开发区永莘路169号,26400万元人民币
丹阳市江南面粉有限公司,321181000038166,丹阳市珥陵镇三陵桥北侧,5000万元人民币
武汉新诚高铁市政工程有限公司,420100000148564,武汉市武昌区徐东大街88号都市经典D栋18-19层2室,"10,500万人民币元"
浙江康迪车业有限公司,330700400009025,金华市工业园区,28805万美元
泉州市汉威机械制造有限公司,350500100014830,泉州市鲤城区常泰街道斗南街123号,980.0万人民币
江苏八达园林有限责任公司,320483000133946,常州市武进区嘉泽镇夏溪森茂街,35500万元人民币
,,,
金乡县华光食品进出口有限公司,370828228005222,金乡县鸡黍镇西李村,10000万元人民币
陕西国德电气制造有限公司,610000100018589,西安市高新技术产业开发区丈八二路19号,11000万 人民币元
福建省邵武京天工艺有限公司,350781100009400,邵武市经济技术开发区,1200.0万人民币
阿拉善盟岚岳煤炭有限责任公司,152900000000586,内蒙古自治区阿拉善盟阿拉善经济开发区（乌斯太镇）乌巴路南5公里处,10000万人民币元
,,,
,,,
厦门圣达威服饰有限公司,350203200117749,厦门市思明区莲前西路597号202室,3050.0万人民币
,,,
潍坊金正食品股份有限公司,370783228004564,寿光市营里镇南大路道口段,8000万元人民币
天津赛恩能源技术有限公司,120193000038250,华苑产业区桂苑路18号,2500万人民币
广东海纳农业有限公司,441302000029998,惠州市惠城区水口镇中心村开发区,2000万人民币元
北京嘉林药业股份有限公司,110000002033318,北京市朝阳区东直门外大山子酒仙桥路2号,3050万元
安徽华岳矿物材料有限公司,340828000020014,安徽省安庆市岳西县温泉镇解放村,"12,000万元"
杭州建工混凝土有限公司,330105000055525,拱墅区康桥路409号,2000万元人民币
天津市泰亨气体有限公司,120111000025090,西青经济开发区大寺工业园海泽路38-9号,4500万人民币
安徽蓝博旺机械集团,341521000030416,安徽省六安市寿县炎刘镇炎合路,0万元
东阳福添影视有限公司,330783000041060,浙江横店影视产业实验区C7-005-B,2000万元人民币
昭仪新天地股份有限公司,110116005267687,北京市朝阳区建国路89号院7号楼L12,12500万元人民币
北京新华空港航空食品有限公司,110000004987538,北京市顺义区天竺空港工业区A区,12000万元
内蒙古奶联科技有限公司,150106000001141,内蒙古自治区呼和浩特市土左旗兵州亥农业开发区,10008.1234万人民币元
重庆华联商厦鸿瑞百货有限公司,500108000001472,重庆市南岸区南坪西路3号,7700万元人民币
江苏恒星钨钼有限公司,321000400009328,扬州市江都区仙女镇张纲工业配套园,21122.13449万元人民币
宿迁市致富皮业有限公司,321300000017580,江苏省宿迁市宿迁经济开发区（北区）扬子路北侧,9268万元人民币
,,,
湖北世纪新峰雷山水泥有限公司,420700000036293,鄂州市碧石渡镇虹桥村,"9,558万元"
浙江大东吴集团建材构配件有限公司,330500000005788,浙江省湖州市三里桥路685号,2000万元人民币
东瑞食品集团有限公司,441600000018448,东源县仙塘镇蝴蝶岭工业城01-11地块,6173.8万人民币元
,,,
吴江市盛泽水处理发展有限公司,320584000006137,盛泽镇,20500万元人民币
天津天地伟业科技有限公司,120193000002353,华苑产业区榕苑路1号天大天财软件大厦A区606-609室,6000万人民币
恩施山寨皮革有限公司,422801000016534,湖北省恩施市解放路193号,"9,800万元"
重庆广建装饰股份有限公司,500105000013226,重庆市江北区港安二路16号附3号9-1,7700万元人民币
,,,
福建利树浆纸有限公司,350783100007092,建瓯市兴宁工业区,8600.0万人民币
上海海希工业通讯股份有限公司,310104000192605,上海市徐汇区田林路388号1幢1026，1028-1033室,5000.0万人民币
山东胜伟园林科技有限公司,370726228019971,潍坊市滨海经济开发区香江大街99号7楼,2050万元人民币
襄阳华中光彩大市场物业管理有限公司,420621000010386,襄阳市襄州区邓城大道1号,"3,000万元"
资兴市苏佳物资环保有限公司,431081000002738,资兴经济开发区江北工业园B1地段,8000.0万人民币
华夏幸福基业控股股份公司,131000000004580,固安县京开路西侧,105000.0万人民币
新华联不动产股份有限公司,230000100005468,北京市通州区潞城镇人民政府北楼209室,189669.042万元
遵义市高新产业园股份有限公司,520300000040758,贵州省遵义市遵义市汇川区汇川大道北段333号,10000万元人民币
阳光城集团股份有限公司,350000100012308,福州市经济技术开发区星发路8号,129355.7534万人民币
广东天安新材料股份有限公司,440600400000938,佛山市禅城区南庄镇吉利工业园新源一路30号,11000万人民币元
青海山一中氚太阳能电力有限公司,632801070003059,青海省格尔木市食品街6号11栋1单元132室,"37,000万元"
平顶山平临高速公路有限责任公司,410400400000664,平顶山市新城区高速公路收费站,"26,000万人民币元"
深圳市海格物流股份有限公司,440301102773333,深圳市盐田区盐田港进港三路物流中心大楼608,5382万元人民币
泰禾集团股份有限公司,350000100016163,三明市梅列区徐碧,124445.072万人民币
荣盛房地产发展股份有限公司,130000000002350,廊坊经济技术开发区祥云道81号荣盛发展大厦,189649.7943万人民币
泛海控股股份有限公司,440301103314955,北京市东城区建国门内大街28号民生金融中心C座22层,455731.1768万元人民币
福建阳光集团有限公司,350000100007528,福州市马尾区朏头村卧龙山庄西侧,376000.0万人民币
平阳县利得海涂围垦开发有限公司,330326000034746,平阳县鳌江镇兴敖东路（雨田大厦四楼）,6034.62万元人民币
江苏中南建设集团股份有限公司,320600000241314,江苏省海门市常乐镇,116783.9226万元人民币
,,,
河南中孚电力有限公司,410000400000801,巩义市站街镇东岭（豫联工业园区）,"235,000万元"
中利科技集团股份有限公司,320500000045339,江苏省常熟东南经济开发区,56829.2308万元人民币
青岛宁泰鑫环保科技股份有限公司,370200230022360,青岛胶州市杜村镇工业园,10000万元人民币
浙江荣翔实业有限公司,330100000146709,杭州市上城区大名空间商务大厦1003室,2000万元人民币
深圳市万极科技股份有限公司,440301103053182,深圳市罗湖区南湖街道深南东路2019号东乐大厦6楼610室,3682万元人民币
江苏广亚建设集团有限公司,320483000110600,江苏武进经济开发区腾龙路2号,20000.0288万元人民币
青岛豪士诚能源科技有限公司,370211230001853,青岛经济技术开发区舟山岛街29号126室,5000万元人民币
北京讯鸟软件有限公司,110108003356286,北京市海淀区知春路113号银网中心A302室,1333.3332万元
青海金鼎水泥有限公司,632123102001578,青海省海东市乐都区雨润镇汉庄村,"26,000万元"
山东高唐泉洁纸业有限公司,371526228005364,"高唐县省道316以南,国道105以西",3000万元人民币
河南省天润包装有限公司,410195000000099,郑州航空港区台商投资区新港大道南段东侧08幢,"2,000万元"
江西绿保木竹有限公司,360924210001954,江西省宜春市宜丰县良岗工业园,1960万元人民币
广州浩越能源科技有限公司,440101000131684,广州市天河区华夏路28号富力盈信大厦1404房,15000.000000万元人民币
上海茗强实业有限公司,310230000321384,崇明县潘园公路1800号782室（上海泰和经济开发区）,20000.0万人民币
昌邑市明兴饲料有限责任公司,370786228014375,K昌邑市夏店镇工业园区,1000万元人民币
天瑞集团萧县水泥有限公司,341322000008654,萧县经济开发区,"24,195.8万元"
东营科力化工有限公司,370523228008543,东营、广饶李鹊经济开发区,5100万元人民币
莱芜信通印刷设备有限公司,371220228002932,莱芜高新区龙潭东大街以南,3000万元人民币
新疆拓普农业股份有限公司,652800050000345,新疆巴州库尔勒经济技术开发区兴民路东侧安庆大道南侧,7500 万
山东万思顿农业产业园有限公司,371624228004973,山东省滨州市沾化区思源湖工业园(荣乌高速路沾化西出口北200米),6500万元人民币
深圳市为海建材有限公司,440307103945465,深圳市龙岗区布吉镇石龙坑村工业区厂房第二栋一楼,5000万元人民币
安徽白兔湖动力股份有限公司,340881000041631,安徽省安庆市桐城经济开发区同祥路,"7,000万元"
内蒙古萌业粮油农副产品有限责任公司,152824000001072,内蒙古自治区巴彦淖尔市乌拉特前旗１１０国道交叉南侧,3000万人民币元
北京电信易通信息技术股份有限公司,110108001225937,北京市海淀区北蜂窝2号中盛大厦1109室,2230万元人民币
黎明液压有限公司,330302000030185,温州市鹿城区盛宇路58号,35200万元人民币
青岛银河环保股份有限公司,370200228055106,青岛市崂山区辽阳东路16-19号1-2层,10000万元人民币
安徽胜昔新材料科技有限公司,341500000163966,安徽省六安市承接产业转移集中示范区,"5,000万元"
中天城投集团股份有限公司,520000000014818,贵州省贵州省贵阳市观山湖区中天路3号,430499.3702万元人民币
北京金一文化发展股份有限公司,110000010649218,北京市西城区榆树馆一巷4幢202号,21601.2万元人民币
济南群康食品有限公司,370100000041069,济南市历城区花园路200号,3414万元人民币
山东金鹏生物科技有限公司,371482028004485,禹城市十里望工业园,2000万元人民币
深圳市巨龙科教高技术股份有限公司,440301102865915,深圳市南山区高新技术工业村南区T3栋四楼,4875万元人民币
镇江市大港建筑安装工程有限公司,321191000009657,镇江新区大港世纪花苑1号楼东侧办公楼301室,8000万元人民币
山东威斯特车业有限公司,370420200002373,枣庄高新区泰国工业园,5000万元人民币
天津金硕信息科技集团股份有限公司,120000000000518,天津市华苑产业区物华道2号A座3－074室,3900万人民币
北京华索科技股份有限公司,110108007911384,北京市海淀区上地东路1号盈创动力大厦5号楼403室,10235万元人民币
武汉丹枫白露酒店管理有限公司,420102000150252,武汉市江岸区三阳路118号金阳新城A栋,"5,200万人民币元"
沈阳金河混凝土有限公司,210100000046907,沈阳市东陵区前进乡大洼村,2000万人民币
浙江朝晖过滤技术股份有限公司,330000400003027,浙江省桐乡市崇福镇经济开发区世纪大道北侧,5059万元人民币
,,,
江西沃格光电股份有限公司,360500210021945,江西省新余高新技术产业开发区西城大道沃格工业园,5700万元
青岛三特电器集团有限公司,370282230020608,山东省青岛即墨市城霞路2号,1800万元人民币
南通一建集团有限公司,320600000090334,南通市工农路111号华辰大厦3座4楼,17256万元人民币
山东畅通路桥股份有限公司,370785228002009,山东省济青高速公路高密北出口对面,60000万元人民币
宝清县同利建筑工程有限责任公司,230523100004799,黑龙江省双鸭山市宝清县宝清镇晟业物流小区D座二层,"10,000万元"
河南太平种猪繁育有限公司,410725100002249,原阳县大宾乡高明古村,"10,000万元"
山东天泰钢塑有限公司,371526228007229,高唐县姜店乡鲁庄村,3540万人民币
宁夏吉元冶金集团有限公司,640221200010727,平罗县太西镇太沙工业小区,29990万元
上海紫竹信息数码港有限公司,310112000464036,上海市闵行区东川路555号丙楼5208室,51500.0万人民币
江苏润扬交通工程集团有限公司,321000000002801,扬州市邗江中路330号（星座国际商务中心）13楼-1301,25000万元人民币
浙江彭公竹制品有限公司,330184000023336,杭州余杭区瓶窑镇彭公村板石1-1号,10000万元人民币
高密思美尔服饰有限公司,370700400007869,高密市高密经济技术开发区家纺路(北)3333号,824.1468万元人民币
安徽湖滨建设集团有限公司,340000000003437,安徽省合肥市瑶海区天长路64号,"8,080万元"
镇江市丹徒区科创建设有限公司,321121000039050,镇江市丹徒新城瑞山东路9号,10000万元人民币
浙江海普顿新材料股份有限公司,330184000075610,杭州余杭区良渚街道七贤桥村12-16幢,3750万元人民币
九江金凤凰装饰材料有限公司,360400520001873,江西省九江市永修县恒丰镇,9246.722902万元
广州南菱汽车股份有限公司,440101000015073,广州市白云区白云大道北1399号,14000.000000万元人民币
山东惠泽农牧科技有限公司,371626228012942,邹平县码头镇,7000万元人民币
济宁碳素集团有限公司,370811018000073,济宁市任城大道99号,19500万元人民币
浙江嘉澳环保科技股份有限公司,330400400001753,桐乡经济开发区,5500万元人民币
锦州宝地装饰工程有限公司,210700004082420,锦州市太和区凌云里曼哈顿B2区18-35、36号,1800万人民币
浙江大港印染有限公司,330506000004997,湖州市织里镇大潘兜村,6660万元人民币
山东寿光神润发海洋化工有限公司,370783228076979,寿光渤海化工园黄海路8号,25000万元人民币
,,,
内蒙古庆华集团额济纳庆华矿业科技有限责任公司,152923000006344,内蒙古阿拉善盟额济纳旗黑鹰山镇,3000万人民币元
江西省路桥工程集团有限公司,360000210005072,江西省南昌市西湖区井冈山大道1352号,30100万元
山东众冠钢板有限公司,371500228042880,聊城市冠县鲁西新世纪工业园内,15000万元人民币
杭州易辰孚特汽车零部件有限公司,330185000050136,临安市青山湖街道泉口村,50000万元人民币
内蒙古庆华集团顺嘉商贸有限公司,152825000004426,内蒙古自治区巴彦淖尔市乌拉特中旗海流图镇煤炭大厦九楼,50000万人民币元
北京神雾环境能源科技集团股份有限公司,110114003148685,北京市昌平区科技园区昌怀路155号,36000万元人民币
,,,
寿光市鲁丽木业有限公司,370783018004998,寿光市侯镇政府驻地,4887.001万元人民币
西安华新新能源股份有限公司,610115100000492,西安市临潼区新丰工业园区,5500 万
杭州钱江四桥经营有限公司,330100000206174,杭州市西湖区留转路工业园区8号,15300万元人民币
贵州省凯里合力电线电缆有限公司,522601000137833,贵州省黔东南苗族侗族自治州凯里市凯里市三棵树镇原771厂内,5700万元人民币
恒远国际工程集团有限公司,321088000042665,扬州市江都区丁伙镇工业园区,20000万元人民币
营口天瑞水泥有限公司,210800004045871,鲅鱼圈区芦屯镇工业区,11130万人民币
潍坊振富工贸有限公司,370785200007671,山东省潍坊市高密市密水街道平安大道288号,10000万元人民币
南京六合路桥建设有限公司,320123000006828,南京金牛工业集中区（六合区金牛湖街道境内）,13001.4万元人民币
安徽省路网交通建设集团有限公司,340100000099746,安徽省合肥市马鞍山南路富成大厦7楼,"30,000万元"
山东海益宝水产股份有限公司,3702002806587-A,山东省海阳市龙山街道海滨西路海益宝产业化园区,18000万元人民币
曲靖众一精细化工股份有限公司,530302100000219,云南省向桂大村,15510.0万人民币
邵武市中鼎竹业有限公司,350781100008185,邵武市苦竹湾,500.0万人民币
湖南华兴工程建设有限公司,430422000005451,衡阳市红湘北路75号,30188.0万人民币
临沂医药集团有限公司,371300018021718,临沂市经济开发区沂河东路101号,8088.225万元人民币
武汉丰太建筑有限公司,420100000028093,硚口区汉正街250号,"10,000万人民币元"
武汉建工第二建筑有限公司,420100000085549,武昌区民主路５９６号,"13,979万人民币元"
重庆惠通路桥工程有限责任公司,500108000040847,重庆市南岸区南坪正街72号,3000万元人民币
银川市艾尼散热器有限公司,640122200000142,银川市德胜工业园区虹桥北路,2900万元
宁夏建成砼业有限公司,640121000000560,宁夏永宁县望远镇板桥村,2000万元
淮安市尧塘装饰工程有限公司,320802000033938,淮安市清河新区广州路8号528室,500万元
佛山欧神诺陶瓷股份有限公司,440600400003717,佛山市三水区乐平镇范湖工业区,14000万人民币元
天津重钢机械装备股份有限公司,120107000008428,天津市滨海新区塘沽厦门路139号,7560万人民币
山东乳山维多利亚海湾旅游开发股份有限公司,371083018013641,乳山市海阳所镇驻地(龙海山庄),10679.2万元人民币
山东派森科技有限公司,371428200001965,武城县城经济开发区顺河街南,3600万元人民币
青岛国际橡胶交易市场有限公司,370220228012426,青岛保税区北京路56号恒通写字楼5层,12000万元人民币
杭州益维汽车工业有限公司,330198000018057,杭州经济技术开发区文津路501号U2库,70000万元人民币
湖北顺泰建设有限公司,420113000004712,武汉市汉南区私营经济开发区,31188万元人民币
浙江绩丰岩土技术股份有限公司,330000000025482,杭州市西溪路560号5幢8楼801室,22009.211万元人民币
,,,
,,,
苏州同里国际旅游开发有限公司,320584400000104,江苏省吴江区同里镇中川南路1号,56306.2604万元人民币
湖州金泰科技股份有限公司,330503000004683,湖州市金泰路1888号,7200万元人民币
杭州西子孚信科技有限公司,330100400050720,杭州市江干区机场路62号,3190万元人民币
江南阀门有限公司,330303000004676,温州机场大道616号,30000万元人民币
湖州天外绿色包装印刷有限公司,330500000004890,湖州市红丰路1600号,8000万元人民币
北京金豪制药股份有限公司,110302004649474,北京市北京经济技术开发区运成街7号1号楼,4200万元
,,,
上海雅润文化传播有限公司,310114001632488,嘉定区南翔镇蕰北公路1755弄2号326室,468.6903万人民币
天津星美影城管理有限公司,120103000103682,天津市河西区南北大街1号401,600万人民币
北京回龙观星美国际影城管理有限公司,110114011276610,北京市昌平区回龙观镇西大街111号3层,600万元人民币
北京名翔国际影院管理有限公司,110108010234870,北京市海淀区远大路1号(金源时代购物中心5层东南角),700万元人民币
北京望京星美国际影城管理有限公司,110105002077100,北京市朝阳区望京街9号望京新城B区A座A座四层,750万元
苏州漕湖科技发展股份有限公司,320507000003357,苏州相城经济开发区永昌泾大道1号漕湖大厦6F,94071万元人民币
苏州华东镀膜玻璃有限公司,320500400000901,苏州市吴中经济开发区越溪街道天鹅荡路18号,30000万元人民币
浙江太子龙实业发展有限公司,330181000050424,杭州市萧山区江东工业园区江东四路以北光明中直河以东,12000万元人民币
新丽传媒股份有限公司,330783000048560,浙江横店影视产业实验区C1-018-A,16500万元人民币
上海中河金属股份有限公司,310226000490536,上海市奉贤区柘林镇胡桥社区科工路1399号,2000.0万人民币
中昌恒远控股有限公司,110000001960801,北京市海淀区创业路8号4号楼5层4-2-505,50000万元
宿迁市金田塑业有限公司,321300000001967,宿迁经济开发区通湖大道,30000万元人民币
,,,
广州中电物业投资有限公司,440101000037154,广州市越秀区环市东路374号一、二夹层C15房,5000.000000万元人民币
芜湖金牛电气股份有限公司,340223000012929,安徽省芜湖市南陵经济开发区古亭路,"6,600万元"
山东博特精工股份有限公司,370800228082904,济宁市任城区经济开发区山博路1号,6060万元人民币
上海三航奔腾建设工程有限公司,310113000001467,宝山区逸仙路2816号,58681.6923万人民币
天津市天联滨海复合材料有限公司,120101000062563,天津开发区汉沽现代产业区泰山路28号,10000万人民币
,,,
北京精英伟业影视文化有限责任公司,110114006722852,北京市昌平区沙河定泗路信苑2号楼4层,5000万元人民币
安徽华安达集团工艺品有限公司,341522000002319,安徽省六安市霍邱县临水镇北首,"10,000万元"
武汉天捷重型装备股份有限公司,420100000116825,汉南区纱帽街江下村777号,"6,000万人民币元"
浙江大东吴集团钢构有限公司,330500000000707,浙江省湖州市三里桥路685号,2000万元人民币
湖州南太湖龟鳖特种养殖有限公司,330500000013681,湖州市吴兴区环渚乡龙溪村,6800万元人民币
江苏飞达钻头股份有限公司,321100000092363,江苏丹阳市丹北镇后巷飞达村,9000万元人民币
北京德鑫泉物联网科技股份有限公司,110106006407058,北京市北京经济技术开发区科创十四街99号7幢1101室,10875万元人民币
湖北黄山头酒业有限公司,421022000003171,公安县藕池镇民主街大西门,"11,200万元"
新达通科技股份有限公司,440301102751475,深圳市南山区科技中二路深圳软件园13#楼601,10801.6万元人民币
孝昌杰行体育用品有限公司,420921207100512,孝昌县新苑街120号,500万元
湖北华丽食品股份有限公司,421123000006139,罗田县栗子坳工业园区（开发区）,"6,300万元"
福建省三明纺织股份有限公司,350400100006657,梅列区新市北路,11555.025万人民币
宁夏为民实业有限公司,640200200005857,大武口区永乐北路16号,10000万元
北京桀亚莱福生物技术有限责任公司,110000005054811,北京市海淀区农大南路88号1号楼B座四层B403室,5000万元人民币
浙江画之都文化创意股份有限公司,330782000020748,义乌市稠江经济开发区戚继光路136号,4000万元人民币
,,,
,,,
浙江浙大网新图灵信息科技有限公司,330000000037986,杭州市滨江区滨安路1197号6幢425室,10000万元人民币
山东泰丰制动系统科技股份有限公司,370783228026457,寿光市东城工业园,15100万元人民币
江苏中瑞路桥建设有限公司,321200000009150,泰州市农业开发区站北路6号标准厂房C1,30088万元人民币
重庆三友机器制造有限责任公司,500000400017721,重庆市璧山区璧泉街道河西工业园,4500万元人民币
安徽恩龙园林股份有限公司,342502000003851,宁国市津河西路南侧90#,"12,160万元"
山东新宇包装股份有限公司,371424228001518,山东省临邑县临盘镇工业园,5507.3万元人民币
武汉新昌印务有限公司,420100000084492,武汉金银湖生态商务城金银湖东路2号（11）,"1,500万人民币元"
云南路建集团实业有限公司,530000000024888,云南省昆明市官渡区关上关平路2号,3000.0万
江苏龙腾坤鑫建设发展有限公司,321088000029784,扬州市江都区仙女镇引江路17号,15188万元人民币
,,,
贵州东太农业股份有限公司,520000000005681,贵州省贵州省铜仁市东太大道１号,1260万元人民币
安徽金农生物技术有限公司,340106000023517,安徽省合肥市长江西路669号AJ-3,"1,100万元"
北京清研利华石油化学技术有限公司,110108009072497,北京市海淀区中关村南大街5号683号楼理工科技大厦14层1411室,2282.9318万元
,,,
浙江东冠通信技术股份有限公司,330108000009173,杭州市滨江区春波路1288号东冠高新科技园1号楼17层,6000万元人民币
,,,
南通泰禾化工有限公司,320600400009612,江苏省如东县洋口化学工业园区,2486.17万美元
江苏大宏纺织集团股份有限公司,320900000042689,盐城市亭湖区盐东镇东南纺织工业园区,10000万元人民币
苏州松鹤楼饮食文化有限公司,320500000028710,苏州市临顿路98号409G室,5000万元人民币
山东润峰集团新能源科技有限公司,370826200001001,山东省微山经济开发区润峰工业园,5000万元人民币
江苏宇迪光学股份有限公司,320623000112846,如东县双甸镇工业园区,4680万元人民币
,,,
上虞振能天然气有限公司,330600400002662,上虞市百崧公路南侧称山路以北,300万美元
,,,
,,,
,,,
中海阳能源集团股份有限公司,110114008629497,北京市昌平区科技园区超前路17号,20700万元人民币
武汉南华黄冈江北造船有限公司,421100000000795,黄冈市汽南路9号,"10,000万元"
浙江骆氏减震件股份有限公司,331000000022137,浙江省玉环县汽摩工业园区,6900万元人民币
湖州珍贝羊绒制品有限公司,330506000000418,湖州市织里镇318织里段888号,6600万元人民币
山东中文实业集团有限公司,370781228005362,青州市庙子镇大牟村,9800万元人民币
连云港桃盛熔融石英有限公司,320700400001501,江苏省东海县桃林镇石埠开发区,85万美元
中成新星油田工程技术服务股份有限公司,110000010442959,北京市昌平区科技园区超前路9号B座251号,9800万元人民币
浙江浦江百炼化工有限公司,330726000002640,浦江县百炼大道85号,4000万元人民币
天津市海王星海上工程技术股份有限公司,120193000006105,滨海高新区华苑产业区工华道壹号IT园-601,12500万人民币
江苏山河水泥有限公司,320831000029862,金湖县北兴路北侧、新兴路西侧,900万元人民币
连云港市东海县宏伟石英制品有限公司,320722000001027,东海县驼峰新区,1560万元人民币
大连东霖食品股份有限公司,210200400016720,辽宁省大连普湾新区石河街道泰海路18号,17517.91万人民币
浙江新三印印染有限公司,330621000172443,绍兴市柯桥区滨海工业区印染集聚区,2888万元人民币
南通晨曦焊业有限公司,320683000156142,南通市通州区平潮工业园区101号（颜港村）,2600万元人民币
隆鑫控股有限公司,500107000051720,重庆市九龙坡区石坪桥横街特5号,100000万元人民币
浙江森禾花卉科技有限公司,330000000036452,杭州市西斗门路3号天堂软件园B幢,10000万元人民币
江苏北极皓天科技有限公司,320282000229351,宜兴经济开发区文庄路,11000万元人民币
浙江永利经编股份有限公司,330000000024570,浙江省绍兴县湖塘街道西跨湖村,8000万元人民币
天津市朝日科贸有限公司,120112000026683,天津市和平区大理道90号208,1770万人民币
,,,
北京中海北方港口工程有限公司,130293000015109,北京市石景山区八大处高科技园区西井路3号3号楼5651房间,60429.2万元人民币
山东天宝建设集团有限公司,370000018036962,济南市高新区舜华路1118号,10000万元人民币
钟祥市宏达实业发展有限公司,420881000253716,钟祥市经济开发区西环二路,"5,000万元"
内蒙古泰弘生态环境发展股份有限公司,150208000013386,内蒙古自治区包头市九原区萨如拉街道办事处林场院内１０３室,26360万人民币元
上海市建设机电安装有限公司,310230000046828,崇明县城桥镇西门路518号,20000.0万人民币
北京蓝天瑞德环保技术股份有限公司,110108002614670,北京市海淀区美和园东区2号楼109,9331.43万元人民币
上海游久游戏股份有限公司,310000000001027,上海市静安区石门二路333弄3号,83270.3498万人民币
河南瑞贝卡发制品股份有限公司,410000100001152,河南省许昌县尚集产业集聚区昌盛路666号,"94,332.12万元"
贵州长征天成控股股份有限公司,520000000037463,贵州省贵州省遵义市武汉路临1号,50920万元人民币
丰汇租赁有限公司,210000004927827,北京市西城区复兴门内大街28号凯晨世贸中心东座F3层E307-308单元,200000万元人民币
北京思倍驰科技股份有限公司,110108000866097,北京市海淀区苏州街18号院长远天地大厦4号楼1707室,2000万元人民币
美好置业集团股份有限公司,530000000006503,云南省昆明市国防路129号恒安写字楼5楼,255959.2332万
银基烯碳新材料股份有限公司,210100000021782,沈阳市沈河区青年大街109号,115483.2011万人民币
宏润建设集团股份有限公司,330200000028728,象山县丹城镇建设东路２６２号,78750万元人民币
华孚色纺股份有限公司,340000000022641,安徽省淮北市濉溪路庆相桥,"83,299.2573万元"
重庆宗申动力机械股份有限公司,500000000003603,重庆市巴南区炒油场,114502.692万元人民币
成都市新筑路桥机械股份有限公司,510000000020123,成都市四川新津工业园区,64536.827 万元人民币
内蒙古远兴能源股份有限公司,150000000000788,内蒙古自治区鄂尔多斯市东胜区伊煤南路１４号创业大厦Ｂ座１６层,161889.1844万人民币元
广东海大集团股份有限公司,440000400000891,广东省广州市番禺区南村镇南村村北大街18号之六,106999.738万人民币元
新希望六和股份有限公司,510000000072738,四川省绵阳市国家高新技术产业开发区,208411.7292 万元人民币
大亚科技股份有限公司,320000000012983,江苏省丹阳经济技术开发区金陵西路95号,52750万元人民币
国脉科技股份有限公司,350000100002879,福州市马尾区江滨东大道116号,86500.0万人民币
软控股份有限公司,370200018065259,青岛市保税区纽约路2号,81858.8257万元人民币
,,,
,,,
北京信威通信技术股份有限公司,110000410108211,北京市海淀区东北旺西路8号中关村软件园7号楼,226723.5501万元人民币
浙江中欣化工股份有限公司,330600000009526,杭州湾上虞经济技术开发区,6500万元人民币
深圳市嘉力达实业有限公司,440301102936985,深圳市南山区高新南一道创维大厦C座13、14楼,4469.9536万元人民币
重庆永鹏网络科技股份有限公司,500901000033334,重庆市北部新区高新园黄山大道5号（水星科技大厦南翼6楼1号）,4000万元人民币
重庆市涪陵区民用爆破器材专营有限公司,500102000023422,重庆市涪陵区太极大道78号,1400万元人民币
龙岩北山煤矿有限责任公司,350000100008738,龙岩市新罗区适中镇仁和村,3600.0万人民币
安徽宣酒集团股份有限公司,342500000019258,安徽省宣城市北门工业干道28号,"27,117.75万元"
北京联飞翔科技股份有限公司,110101000172036,北京市东城区安定门东大街28号A710,11161.3504万元人民币
,,,
,,,
佛山市建通混凝土制品有限公司,440600400010798,佛山市禅城区张槎镇玉带沙工业区,518万美元
漳州发展水务集团有限公司,350600100024200,漳州市芗城区胜利东路漳州发展广场第16层,6330.0万人民币
广东乐陶陶药业股份有限公司,440000000020816,广州市荔湾区西塱东西路工业区3号之一,5000万人民币元
常州长青交通科技股份有限公司,320400400015052,常州市新北区河海西路300号,10350万人民币
佛山市富士宝电器科技股份有限公司,440600400001762,佛山市禅城区南庄镇杏吉路段杏头工业区,7500万人民币元
北京海吉星医疗科技有限公司,110000006438165,北京市海淀区学清路38号金码大厦B座1209,9750万元人民币
常州科研试制中心有限公司,320400000014368,常州市钟楼区棕榈路56号,6000万元人民币
北京中关村四环医药开发有限责任公司,110000004213975,北京市海淀区太平路27号,21000万元
北京中实混凝土有限责任公司,110000001313676,北京市海淀区四季青乡巨山村,3000万元人民币
,,,
湖北福星生物科技有限公司,4209842111966,汉川市沉湖镇福星街18号,"10,000万元"
浩蓝环保股份有限公司,440101000003322,广州市萝岗区中新广州知识城凤凰一横路313号自编137房,8807.500000万元人民币
北京派特罗尔油田服务股份公司,110106003072882,北京市丰台区星火路1号9层BCD间,30000万元人民币
内蒙古奈伦农业科技股份有限公司,150000000001043,内蒙古自治区呼和浩特市新城区艺术厅南街２２号（奈伦商务中心）,12241.6389万人民币元
北京九恒星科技股份有限公司,110108001227449,北京市海淀区中关村南一条2号5、6、7层,8485.5万元
中科恒源科技股份有限公司,430000000039509,北京市密云县经济开发区西统路8号西田各庄镇政府办公楼508室-7,12000万元
广东德豪润达电气股份有限公司,440000000042803,广东省珠海市香洲区唐家湾镇金凤路1号,139640万
三维通信股份有限公司,330000000024408,杭州市火炬大道581号,41068.8万元人民币
上海莱士血液制品股份有限公司,310000400004034,上海市奉贤区望园路2009号,275625.9834万人民币
广州毅昌科技股份有限公司,440101000070490,广州市高新技术产业开发区科学城科丰路29号,40100.000000万元人民币
广东金刚玻璃科技股份有限公司,440000400008291,汕头市大学路叠金工业区,21600万人民币元
浙江传化股份有限公司,330000000005534,杭州市萧山经济技术开发区,48798万元人民币
黑牛食品股份有限公司,440500000006199,汕头市金平区岐山北工业片区02－02号地块,46945.9458万人民币元
深圳广田装饰集团股份有限公司,440301103001135,深圳市罗湖区沿河北路1003号京基东方都会大厦1-2层,51717.7万元人民币
浙江大立科技股份有限公司,330000000021772,杭州市滨江区滨康路639号,45866.6666万元人民币
山东墨龙石油机械股份有限公司,370000400000030,山东省寿光市文圣街999号,79784.84万人民币
浙江省围海建设集团股份有限公司,330200000002881,宁波市高新区广贤路1009号,72812.66万元人民币
,,,
北京中科金财科技股份有限公司,110108006333023,北京市海淀区学院路39号唯实大厦1006室,31697.9102万元人民币
广州普邦园林股份有限公司,440101000113186,广州市越秀区寺右新马路南二街一巷14－20号首层,161152.497000万元人民币
荣信电力电子股份有限公司,210000004920217,鞍山高新区鞍千路261号,86159.5025万人民币
希努尔男装股份有限公司,370700400007668,诸城市东环路58号,32000万人民币
青岛市恒顺众昇集团股份有限公司,370214018001595,青岛市城阳区流亭街道双元路西侧(空港工业聚集区),30661万元人民币
青岛金王应用化学股份有限公司,370282400001546,青岛即墨市环保产业园,32191.662万人民币
格林美股份有限公司,440301102802586,深圳市宝安区宝安中心区兴华路南侧荣超滨海大厦A栋20层2008号房(仅限办公),120099.2217万元人民币
江西正邦科技股份有限公司,360000511000013,江西省南昌高新技术开发区艾溪湖一路569号,59634.6568万元人民币
中顺洁柔纸业股份有限公司,442000400013713,中山市东升镇坦背胜龙村,40560万人民币元
深圳市科陆电子科技股份有限公司,440301102889667,深圳市南山区科技园北区宝深路科陆大厦A座13-24楼（邮编：518057）,47609.3万元人民币
浙江银轮机械股份有限公司,330000000001104,浙江省天台县福溪街道始丰东路8号,36054万元人民币
深圳市芭田生态工程股份有限公司,440301103043436,深圳市南山区高新技术园粤兴二道10号7楼、8楼,87678.0499万元人民币
四川科伦药业股份有限公司,510100000036023,成都市新都卫星城工业开发区南二路,72000 万元人民币
广东南洋电缆集团股份有限公司,440000000035814,汕头市珠津工业区珠津二街1号,51026万人民币元
深圳翰宇药业股份有限公司,440301103008894,深圳市南山区高新技术工业园中区翰宇生物医药园办公大楼四层,89001.6362万元人民币
好想你枣业股份有限公司,410184100001492,新郑市薛店镇,"14,760万元"
山东阳谷华泰化工股份有限公司,371521228000437,阳谷县清河西路217号(原南环路217号),28080万元人民币
华邦生命健康股份有限公司,500000000002774,重庆市渝北区人和星光大道69号,188348.2885万元人民币
广东锦龙发展股份有限公司,440000000021235,广东省东莞市南城区鸿福路106号南峰中心第十二层,89600万人民币元
北京大北农科技集团股份有限公司,110000004602260,北京市海淀区中关村大街27号14层,249747.4371万元人民币
上海嘉麟杰纺织品股份有限公司,310000400256554,上海市金山区亭林镇亭枫公路1918号,83200.0万人民币
浙江万马股份有限公司,330000000002087,浙江省临安经济开发区南环路88号,93932.5488万元人民币
欣旺达电子股份有限公司,440306102879581,深圳市宝安区石岩街道石龙社区颐和路2号综合楼1楼、2楼A-B区、2楼D区-9楼,63077.5万元人民币
东江环保股份有限公司,440301103492937,深圳市南山区高新区北区朗山路9号东江环保大楼1楼、3楼、8楼北面、9-12楼,34783.6841万元人民币
安徽金禾实业股份有限公司,341100000007764,安徽省滁州市来安县城东大街127号,"56,825.4万元"
雏鹰农牧集团股份有限公司,410184100001360,新郑市薛店镇,"104,505.321万元"
东莞市搜于特服装股份有限公司,441900000458309,东莞市道滘镇昌平第二工业区第一栋,103680万人民币元
江苏中超控股股份有限公司,320282000047735,宜兴市西郊工业园振丰东路999号,126800万元人民币
金亚科技股份有限公司,510100000085809,成都市蜀西路50号,34620.3 万元人民币
海南瑞泽新型建材股份有限公司,460200000013116,海南省三亚市崖城镇创意产业园区中央大道9号,26777.9472万
广东奥飞动漫文化股份有限公司,440500000004759,广东省汕头市澄海区文冠路中段奥迪工业园,126388.0324万人民币元
北京嘉寓门窗幕墙股份有限公司,110000410296248,北京市顺义区牛栏山牛富路1号,32580万元人民币
苏宁云商集团股份有限公司,320000000035248,南京市山西路8号金山大厦1-5层,738304.315万元人民币
深圳欧菲光科技股份有限公司,440301501122288,深圳市光明新区公明街道松白公路华发路段欧菲光科技园,93016万元人民币
常州天晟新材料股份有限公司,320400000003930,常州市龙锦路508号,32598.434万元人民币
比亚迪股份有限公司,440301501127941,深圳市龙岗区葵涌镇延安路,247600万元人民币
上海美特斯邦威服饰股份有限公司,310225000206755,上海市浦东新区康桥镇康桥东路800号,252690.0万人民币
广东万家乐股份有限公司,440000000060574,广东省佛山市顺德区大良街道顺峰山工业区,69081.6万人民币元
珠海中富实业股份有限公司,440400400015843,珠海市香洲区湾仔南湾南路6006号,128570.252万人民币元
福建圣农发展股份有限公司,350000100010183,福建省光泽县十里铺圣农总部办公大楼,111090.0万人民币
万向钱潮股份有限公司,330000000050426,浙江省杭州市萧山区万向路,229429.9545万元人民币
浙江康盛股份有限公司,330000000000265,浙江省淳安县千岛湖镇康盛路268号,37880万元人民币
浙江亚厦装饰股份有限公司,330000000002564,上虞章镇工业新区,133813.7219万元人民币
湖北国创高新材料股份有限公司,420000000002401,武汉市东湖开发区华光大道18号,"43,814万元"
浙江万丰奥威汽轮股份有限公司,330000000002915,浙江省新昌县工业区,85821.7792万元人民币
浙江富春江环保热电股份有限公司,330183000011082,浙江省富阳市灵桥镇春永路188号,79635万元人民币
海南海药股份有限公司,460000000147194,海口市秀英区南海大道西66号,54534.0432万
浙江向日葵光能科技股份有限公司,330600400004037,浙江省绍兴袍江工业区三江路,111980万元人民币
袁隆平农业高科技股份有限公司,430000000047752,长沙市芙蓉区远大二路马坡岭农业高科技园内,99610.0万人民币
联化科技股份有限公司,330000000000312,浙江省台州市黄岩经济开发区永椒路8号,83511.3322万元人民币
成都市新都化工股份有限公司,510100400026976,四川省成都市新都工业开发区南二路,40404 万元人民币
苏州天沃科技股份有限公司,320582000038079,张家港市金港镇后塍澄杨路,73971.2万元人民币
浙江明牌珠宝股份有限公司,330600400004957,浙江省绍兴市柯桥区福全工业区,52800万元人民币
棕榈园林股份有限公司,442000000073974,中山市小榄镇新华中路120号向明大厦11C,54894.92万人民币元
中科云网科技集团股份有限公司,110000000871563,北京市海淀区上地七街1号2号楼3层,80000万元人民币
广州智光电气股份有限公司,440101000007776,广州市黄埔区埔南路51号,26647.237500万元人民币
浙江海翔药业股份有限公司,330000000004437,浙江省台州市椒江区外沙支路100号,75975.8615万元人民币
华西能源工业股份有限公司,510300000004462,自贡市高新工业园区荣川路66号,73800 万
江苏联发纺织股份有限公司,320600400006064,江苏省海安县城东镇恒联路88号,32370万元人民币
山东恒邦冶炼股份有限公司,370000228037525,烟台市牟平区水道镇,91040万元人民币
浙江景兴纸业股份有限公司,330000400000326,浙江省平湖市曹桥镇,109395.1万元人民币
北京蓝色光标品牌管理顾问股份有限公司,110108004952150,北京市朝阳区酒仙桥北路9号(厂区)10幢二层A5-01,193116.9473万元人民币
厦门合兴包装印刷股份有限公司,350200400019124,厦门市同安区同集北路556号,37249.0118万人民币
东莞勤上光电股份有限公司,441900400020131,东莞市常平镇横江厦村,37467万人民币元
江苏康得新复合材料股份有限公司,110000410161601,江苏环保新材料产业园晨港路北侧、港华路西侧,94973.6738万人民币
露笑科技股份有限公司,330681000012331,诸暨市店口镇露笑路38号,36000万元人民币
芜湖亚夏汽车股份有限公司,340200000018594,安徽省芜湖市鸠江区弋江北路花塘村,"35,692.8万元"
广州市香雪制药股份有限公司,440000000024049,广州市萝岗区广州经济技术开发区科学城金峰园路2号,66147.6335万人民币元
包头东宝生物技术股份有限公司,150000000001891,内蒙古自治区包头市稀土高新技术产业开发区黄河大街４６号,19754.8万人民币元
浙江盾安人工环境股份有限公司,330000000019079,浙江省诸暨市店口工业区,84342.746万元人民币
湖南大康牧业股份有限公司,430000000012287,怀化市鹤城区鸭嘴岩工业园3栋,288703.8万人民币
江苏中泰桥梁钢构股份有限公司,320000000070820,江阴经济开发区靖江园区同康路15号,31100万元人民币
苏州金螳螂建筑装饰股份有限公司,320000400000964,苏州工业园区民营工业区内,176220.5793万人民币
华东医药股份有限公司,330000000049286,杭州市延安路468号1号楼1号门9、10楼,43405.9991万元人民币
深圳市沃尔核材股份有限公司,440301103192391,深圳市坪山新区兰景北路沃尔工业园,56938.7998万元人民币
东旭光电科技股份有限公司,130000000001040,石家庄市高新区黄河大道9号,266208.0001万人民币
岭南园林股份有限公司,441900000175385,东莞市东城区光明大道27号金丰大厦A栋301室,32573.6万人民币元
深圳市怡亚通供应链股份有限公司,440301501127886,深圳市福田区深南中路3039号国际文化大厦2701B,103729.4424万元人民币
吉林利源精制股份有限公司,220000400007827,吉林省辽源民营经济开发区友谊工业园区,93600万元人民币
浙江万里扬变速器股份有限公司,330700400004109,浙江省金华市宾虹西路3999号,51000万元人民币
荣盛石化股份有限公司,330000000008840,萧山区益农镇红阳路98号,222400万元人民币
中弘控股股份有限公司,340000000018072,安徽省宿州市浍水路271号,"461,030.7849万元"
安徽省司尔特肥业股份有限公司,342500000007690,安徽省宁国经济技术开发区,"59,200万元"
郴州市金贵银业股份有限公司,431000000003619,郴州市苏仙区白露塘镇福城大道1号（湖南郴州高新技术产业园内）,50329.0616万人民币
河北海伟交通设施集团有限公司,131127000005071,景县留府工业区,20000.0万人民币
深圳市证通电子股份有限公司,440301103106038,深圳市南山区南油天安工业村八座3A单元,42535.1752万元人民币
东华能源股份有限公司,320000400002881,张家港保税区出口加工区东华路668号,69234.6184万人民币
深圳市立业集团有限公司,440301102952768,深圳市福田区福华一路免税商务大厦塔楼8层20-26号单元,300000万元人民币
深圳市爱施德股份有限公司,440301102941368,深圳市福田区泰然大道东泰然劲松大厦20F,100388.4839万元人民币
北京利尔高温材料股份有限公司,110114001748483,北京市昌平区小汤山镇小汤山工业园四号楼,59927.9717万元人民币
星辉互动娱乐股份有限公司,440583000002652,汕头市澄海区星辉工业园（上华镇夏岛路北侧）,124419.8401万人民币元
荣安地产股份有限公司,330200000013909,海曙区灵桥路513号(14-12),318392.2485万元人民币
中油金鸿能源投资股份有限公司,220000000098225,吉林市高新区恒山西路108号,48600.6284万人民币
金科地产集团股份有限公司,500000000007018,重庆市江北区复盛镇正街（政府大楼）,413562.0153万元人民币
浙江允升投资集团有限公司,330400000000024,嘉兴市广益路1319号中创电气商贸园1幢505室-1,40400万元人民币
亿阳集团股份有限公司,230199100002865,哈尔滨市南岗区嵩山路高新技术开发区１号楼,"200,000万元"
,,,
浙江鑫达建设有限公司,330405000004269,平湖市曹桥街道章桥村7组,8180万元人民币
,,,
浙江创联信息技术股份有限公司,330000000031147,杭州市西湖区西斗门路3号天堂软件园B幢5楼A座,10000万元人民币
深圳宝航建设集团股份有限公司,440306102770442,深圳市宝安区西乡镇鹤洲路口41号3号厅2楼,10200万元人民币
江苏嘉隆工程建设有限公司,321323000007850,泗阳县众兴镇北京西路9号,58000万元人民币
深圳市佳鸿贸易发展有限公司,440301105218558,深圳市罗湖区延芳路口东益华鹏汽车交易广场A区1号,35294.1176万元人民币
泰州市三泰船业有限公司,321203000000603,泰州市口岸镇口永路58号,2000万元人民币
广东科达洁能股份有限公司,440000000016993,广东省佛山市顺德区陈村镇广隆工业园环镇西路1号,69722.7161万人民币元
,,,
湖北恒基腾达商品混凝土有限公司,429005000006216,潜江市周矶管理区安远大道88号,"1,000万元"
,,,
北京天尧信息技术有限公司,110108003502292,北京市海淀区西北旺东路10号院东区20号楼4层401-407房间,5000万元人民币
冠县港海薄板有限公司,371525228002450,冠县鲁西新世纪工业园,11700万元人民币
新疆生产建设兵团农八师天山铝业有限公司,659001051004376,新疆石河子开发区北四东路49号,120000 万
重庆市德感建筑安装工程有限公司,500381000011031,重庆市江津区德感正街339号,10061万元人民币
济源市济晋高速公路有限公司,410881100004107,五龙口镇北官庄村,"15,000万元"
新城控股集团股份有限公司,320483000091688,常州市武进区武宜北路19号湖塘镇吾悦广场,116600万元人民币
远东控股集团有限公司,320282000100726,江苏省宜兴市高塍镇远东大道6号,66600万元人民币
瑞安华峰小额贷款股份有限公司,330300000028049,瑞安市安阳新区万松东路华峰专家楼一楼西北侧,82180万元人民币
天津东丽湖能源科技有限公司,120110000090564,天津市东丽区旅游局培训中心内,10000万人民币
大连棒棰岛海产股份有限公司,210200000044058,辽宁省大连市金州区五一路987号,6700万
武汉当代科技产业集团股份有限公司,420100000024936,洪山区鲁磨路３６９号,"300,000万人民币元"
红星美凯龙家居集团股份有限公司,310115001019076,上海市浦东新区临御路518号6楼F801室,362391.7038万人民币
浙江吉利控股集团有限公司,330000000011822,杭州市滨江区江陵路1760号,83000万元人民币
山东三星集团有限公司,371626228004803,邹平县韩店镇,50000万元人民币
上海红星美凯龙投资有限公司,310115001009319,上海市浦东新区莲林路15号1幢409室,5000.0万人民币
西王集团有限公司,371626018009778,山东省邹平县西王工业园,200000万元人民币
,,,
陕西必康制药集团控股有限公司,612500100001729,山阳县城东,108350.0415 万人民币元
内蒙古双欣能源化工有限公司,152704000000508,内蒙古自治区鄂尔多斯市棋盘井镇工业园,131143.9万人民币元
,,,
山东玉皇化工有限公司,371728018000186,武胜工业开发区,80000万元人民币
世纪金源投资集团有限公司,110000002960001,北京市海淀区远大路1号金源时代购物中心650号,100000万元人民币
浙江京新控股有限公司,330624000025860,新昌县羽林街道羽林路53号1幢,10000万元人民币
浙江亘古电缆股份有限公司,331000400002900,临海市大洋街道沈南路167号,15177万元人民币
北京华联综合超市股份有限公司,110000005074869,北京市西城区阜外大街1号四川经贸大厦负2层3号,66580.7918万元
山东南山铝业股份有限公司,370000018024165,龙口市东江镇前宋村,283518.4361万元人民币
,,,
中国高科集团股份有限公司,310000000009961,北京市顺义区李遂镇龙泰路1-118号,29332.8001万元
海南海岛建设股份有限公司,460000000124560,海南省海口市美兰区大英山西四路9号,42277.4136万
海航投资集团股份有限公司,210200000261664,辽宁省大连市中山区长江路123号长江写字楼2129,143023.4425万人民币
横店集团东磁股份有限公司,330000000013406,东阳市横店工业区,41090万元人民币
西安民生集团股份有限公司,610100100012377,西安市解放路103号,75292.6271 万
渤海租赁股份有限公司,650000060000205,新疆乌鲁木齐市沙依巴克区黄河路93号,354860.6952 万
上海世茂建设有限公司,310115400076820,上海市浦东新区民生路600号16幢401室,54000.0万人民币
增城市碧桂园物业发展有限公司,440101400005399,广州市增城市新塘镇永和岗丰村,144820.000000万元人民币
深圳市优凯思投资顾问有限公司,440306103261187,深圳市宝安区兴华路南侧龙光世纪大厦1栋2002（办公场所）,44300万元人民币
天瑞集团水泥有限公司,410000400000254,河南省汝州市临汝镇东营村北,"59,405.2471万美元"
大连亿达发展有限公司,210200400038778,辽宁省大连市沙河口区东北路93号,20000万人民币
湖南盈德气体有限公司,430200400000373,湖南省株洲市天元区长江广场保利大厦B座2207室,30633.8878万人民币
,,,
,,,
江苏恒顺达生物能源有限公司,321100400011115,镇江新区粮山路88号,9180万美元
江苏科地现代农业有限公司,320282400006305,宜兴环保科技工业园兴业路,1160万美元
,,,
廉江一品木业有限公司,440800400006771,廉江市安铺镇安镇路,247.05万美元
湖州厉华妤婕联合纺织有限公司,330500400007684,湖州市吴兴区八里店镇宜船湾村,500万美元
,,,
,,,
,,,
山东博润实业有限公司,370783228002329,寿光市渤海工业园南首(羊口镇以南),4866.0538万美元
莒南县鸿润食品有限公司,371300400003929,山东莒南经济开发区(岚济路北侧),29920万人民币
泰州新生源生物医药有限公司,321200400009964,泰州市药城大道801号.,6990.8348万元人民币
,,,
,,,
广西万通房地产有限公司,450100400000389,南宁市民族大道63号阳光100城市广场T3段18层1803房,"19,252.5902万人民币元"
福建省求质体育用品有限公司,350500400018896,晋江市陈埭镇岸兜南工业区,11600.0万港币
浙江欧亚薄膜材料有限公司,330000400001162,浙江省绍兴县滨海工业开发区,4780万美元
厦门禹洲鸿图地产开发有限公司,350200490002255,厦门市海沧翁角路616号306室,150000.0万人民币
,,,
江苏中能硅业科技发展有限公司,320300400006732,徐州经济技术开发区杨山路66号,551289.546万人民币
广州番禺海怡房地产开发有限公司,440126400019670,,
内蒙古阜丰生物科技有限公司,150000400000041,内蒙古自治区呼和浩特市经济技术开发区金川区经二路,64000万香港元
汕头花园集团有限公司,440500000009561,汕头市衡山路71号,4800万人民币元
,,,
中海地产集团有限公司,440301501130719,深圳市福田区福华路399号中海大厦十二楼,1000000万元人民币
广州富力地产股份有限公司,440101000122997,广州市天河区珠江新城华夏路10号富力中心45-54楼(仅限办公）,80559.183600万元人民币
北京华业资本控股股份有限公司,110000001525295,北京市朝阳区东四环中路39号A座16层,142425.36万元
华新水泥股份有限公司,420000400000283,黄石市黄石大道897号,"149,647.9885万元人民币"
河南中孚实业股份有限公司,410000100009840,巩义市新华路３１号,"174,154.0403万元"
重庆市迪马实业股份有限公司,500000000003695,重庆市南岸区长电路8号,234586.1984万元人民币
中国国际贸易中心股份有限公司,100000000027880,朝阳区建国门外大街1号,100728.2534万元
广州东华实业股份有限公司,440101000086242,广州市越秀区寺右新马路170号4楼,30000.000000万元人民币
协鑫集成科技股份有限公司,310226000457712,上海市奉贤区南桥镇江海经济园区,252352.0万人民币
深圳市中洲投资控股股份有限公司,440301103813177,深圳市福田区百花五路长源楼,47892.608万元人民币
上海大名城企业股份有限公司,310000400150891,上海市闵行区红松东路1116号1幢5楼A区,201155.6942万人民币
洲际油气股份有限公司,460000000129299,海口市西沙路28号,226350.7518万
,,,
远洋地产有限公司,100000400009840,北京市朝阳区东四环中路56号远洋国际中心A座31层,706487万元人民币
奥园集团有限公司,440101400004453,广州市番禺区桥南街番禺奥林匹克花园办公楼,68000.000000万元人民币
,,,
宜昌三峡机场有限责任公司,420500000043314,宜昌市猇亭区（三峡机场）,"17,700万元"
东飞马佐里纺机有限公司,320900400006034,东台市城东新区南庄村,2295万美元
奥盛新材料股份有限公司,340500400000967,马鞍山市昭明路,"7,500万人民币元"
苏州第壹制药有限公司,320594400013985,苏州工业园区华凌街1号,13162.5万人民币
,,,
上海同捷科技股份有限公司,310115400063464,上海市浦东新区云桥路325号,44777.9万人民币
扬州威亨热电有限公司,321000400001299,扬州市开发东路7号,9500万元人民币
武汉凯迪电力工程有限公司,420100000046380,武汉市江夏区庙山开发区江夏大道特1号,"180,000万人民币元"
北京安德固脚手架工程有限公司,110000007542827,北京市顺义区高丽营镇金马工业区北京吉普厂房,4784.689万元人民币
山东博瑞格生物资源制品有限公司,371200400001484,山东莱城工业区,163万美元
申环电缆科技有限公司,320282400009037,宜兴市官林镇新宜金公路北侧（兴都路西）,25000万人民币
诸城威仕达机械有限公司,370700400009260,山东省潍坊市诸城市昌城镇小下泊村,3600万美元
海宁森德皮革有限公司,330400400020153,海宁市斜桥镇庆云工业园区,3015.4915万美元
浙江富立轴承钢管有限公司,330600400007019,嵊州经济开发区城东分区,1345万美元
华融融德资产管理有限公司,100000400011628,北京市北京经济技术开发区科创十四街99号2号楼B115室,178800万元人民币
远东国际租赁有限公司,310115400080939,中国（上海）自由贸易试验区世纪大道88号金茂大厦35楼02－04室,181671.0922万美元
山东如意科技集团有限公司,370800400001688,济宁高新区如意工业园,100000万人民币
,,,
重庆国信投资控股有限公司,500000400046048,重庆市渝北区龙溪街道金山路9号附7号,204216.25万元人民币
中国交通建设股份有限公司,100000000040563,德胜门外大街85号,1617473.5425万元
大唐国际发电股份有限公司,100000400007893,北京市西城区广宁伯街9号,1331003.7578万元人民币
华能国际电力股份有限公司,100000400004967,北京市西城区复兴门内大街6号(华能大厦),1442038.344万元人民币
,,,
中国中材股份有限公司,100000000006109,北京市西城区西直门内北顺城街11号,357146.4万元人民币
中国长江电力股份有限公司,100000000037300,玉渊潭南路1号B座,1650000万元
唐山三友化工股份有限公司,130000000009500,河北省唐山市南堡开发区,185038.5487万人民币
龙源电力集团股份有限公司,100000000012769,北京市海淀区白石桥路7号理工科技大厦12层1206室,803638.9万元
中国中铁股份有限公司,100000000041175,北京市丰台区南四环西路128号院1号楼918,2129990万元人民币
北京首都国际机场股份有限公司,100000400008785,顺义区北京空港物流园区绿生路２号,433089万元人民币
中国石油化工股份有限公司,100000000032985,北京市朝阳区朝阳门北大街22号,12107120.9646万元
海洋石油工程股份有限公司,120000000001439,天津空港经济区西二道82号丽港大厦裙房二层202-F105室,442135.48万人民币
国电电力发展股份有限公司,210200000135843,辽宁省大连经济技术开发区黄海西路4号,1965039.7845万
际华集团股份有限公司,100000000040426,北京市丰台区南四环西路188号十五区6号楼,385700万元
盛和资源控股股份有限公司,140000100064047,太原高新技术产业开发区亚日街2号,"37,641.5753万元"
中国铁建房地产集团有限公司,110000010161414,北京市石景山区阜石路166号泽洋大厦第16层,700000万元
中国五矿股份有限公司,100000000042959,北京市海淀区三里河路5号,2906924.29万元
河南平高电气股份有限公司,410000100012284,平顶山市南环东路２２号,"113,748.5573万元"
正奇安徽金融控股有限公司,340100000705195,安徽省合肥市庐阳区阜南路169号招行大厦12-15层,"200,000万元"
中国第一重型机械股份公司,100000000041982,黑龙江省齐齐哈尔市富拉尔基区红宝石办事处厂前路9号,"653,800万元"
,,,
国电科技环保集团股份有限公司,110000005014429,北京市海淀区西四环中路16号院1楼11层1101,606377万元人民币
中海发展股份有限公司,310000400151546,中国（上海）自由贸易试验区业盛路188号A-1015室,403203.2861万人民币
中国电力建设股份有限公司,100000000042397,北京市海淀区车公庄西路22号,960000万元
华能新能源股份有限公司,100000000037334,北京市海淀区复兴路甲23号10、11层,902921.536万元
广西桂冠电力股份有限公司,450000000014361,南宁市青秀区民族大道１２６号,"228,044.9514万人民币元"
中储发展股份有限公司,120000000002074,中国天津市北辰经济开发区开发大厦,185982.8384万人民币
宝胜科技创新股份有限公司,320000000014841,江苏省宝应县安宜镇苏中路1号,41138.7457万元人民币
第一拖拉机股份有限公司,410000400013049,河南省洛阳市建设路154号,"99,590万人民币元"
国药控股股份有限公司,310101000307576,上海市黄浦区福州路221号六楼,276709.5089万人民币
中信重工机械股份有限公司,410300110053941,洛阳市涧西区建设路206号,"411,000万元"
哈尔滨电气股份有限公司,230100100004252,哈尔滨市南岗区高科技生产基地３号楼,"137,680.6万人民币"
,,,
上海电力股份有限公司,310000400195188,上海市黄浦区中山南路268号,213973.9257万人民币
中国国际航空股份有限公司,100000400011521,空港工业区天柱路28号蓝天大厦,1308475.1004万元人民币
大秦铁路股份有限公司,100000000039278,山西省大同市站北街14号,"1,486,679.1491万元"
中航重机股份有限公司,520000000005018,贵州省贵州省贵阳市小河区锦江路110号,77800.32万元人民币
中国大唐集团新能源股份有限公司,100000000042055,石景山区八大处高科技园区西井路3号1号楼149房间,727370.1万元
保定天威保变电气股份有限公司,130000000010000,保定市天威西路2222号,153460.7067万人民币
新疆八一钢铁股份有限公司,650000040000312,新疆乌鲁木齐市头屯河区新钢路,76644.8935 万
,,,
海航基础股份有限公司,460000400002926,海口市美兰区美兰机场综合楼,47321.3万人民币元
武汉钢铁股份有限公司,420100000161301,青山区沿港路３号,"1,009,378万人民币元"
舟山港集团有限公司,330900000008245,舟山市定海港码头1号,70000万元人民币
中国外运股份有限公司,100000000037375,北京市海淀区西直门北大街甲４３号,460648.32万人民币
华电福新能源股份有限公司,350000100004157,福州市鼓楼区五四路111号宜发大厦25层,840796.152万人民币
中国东方航空股份有限公司,310000400111686,上海市浦东新区国际机场机场大道66号,1267426.886万人民币
岳阳林纸股份有限公司,430000000005066,岳阳市岳阳楼区城陵矶光明路,104315.9148万人民币
中国中车股份有限公司,100000000041417,北京市海淀区西四环中路16号,2728875.8333万元
国投电力控股股份有限公司,620000000006064,北京市西城区西直门南小街147号楼11层1108,678602.3347万元
中铁铁龙集装箱物流股份有限公司,210200000021699,辽宁省大连高新技术产业园区火炬路32号创业大厦A座2716号,130552.1874万
,,,
凯盛重工有限公司,340400000030136,安徽省淮南市谢家集区蔡家岗,"16,555.353712万元"
,,,
中航百慕新材料技术工程股份有限公司,110108004446424,北京市海淀区温泉镇环山村六二一研究所厂区东区,7995万元
北京中电华强焊接工程技术有限公司,110108001752139,北京市大兴区瀛海镇经二路6号,5100万元
,,,
许继电气股份有限公司,410000100052224,河南省许昌市许继大道1298号,"100,832.7309万元"
安泰科技股份有限公司,110000005200588,北京市海淀区学院南路76号,86279.6348万元
新兴铸管股份有限公司,130000000000908,武安市上洛阳村北,364330.7361万人民币
华润三九医药股份有限公司,440301103302647,深圳市龙华新区观澜高新园区观清路1号,97890万元人民币
贵州久联民爆器材发展股份有限公司,520000000007546,贵州省贵州省贵阳市高新技术开发区新天园区,32736.816万元人民币
中航光电科技股份有限公司,410000100020142,洛阳高新技术开发区周山路10号,"60,251.4884万元"
深圳赤湾石油基地股份有限公司,440301501124066,深圳市南山区蛇口赤湾,23060万元人民币
,,,
中航工业机电系统股份有限公司,420000000005070,湖北襄阳市高新区追日路8号,"93,117.2208万元"
广州杰赛科技股份有限公司,440101000006499,广州市海珠区新港中路381号,51576.000000万元人民币
深圳赤湾港航股份有限公司,440301501124494,深圳市蛇口工业区赤湾,64476.373万元人民币
重庆长安汽车股份有限公司,500000000005061,重庆市江北区建新东路260号,466288.6108万元人民币
中建西部建设股份有限公司,650000040000136,新疆乌鲁木齐经济技术开发区泰山路268号,51611.7025 万
,,,
,,,
佛山华新包装股份有限公司,440000000005147,佛山市禅城区季华五路18号,50542.5万人民币元
北方华锦化学工业股份有限公司,210000004920321,辽宁省盘锦市双台子区红旗大街,120050.6367万人民币
航天工业发展股份有限公司,350000100019539,福州市台江区五一南路67号,142962.8897万人民币
广东东方锆业科技股份有限公司,440000000020832,广东省汕头市澄海区莱美路宇田科技园,41396.4万人民币元
中房地产股份有限公司,500000000006873,重庆市江北区观音桥建新北路86号,29719.3885万元人民币
武汉南国置业股份有限公司,420100000009433,武汉市武昌区南湖中央花园会所,"145,434.8595万人民币元"
杭州市城市建设发展有限公司,330100000074750,杭州市江干区新塘路33-35号12、13层,302000万元人民币
珠海华城环保科技有限公司,440400000271851,珠海市高栏港经济区石油化工区北五路成城沥青化验楼301室,20000万
中信房地产股份有限公司,100000000005202,北京市朝阳区新源南路6号,679000万人民币
邦信资产管理有限公司,440301102880969,北京市西城区闹市口大街1号院4号楼9层D、E,113095.55万元
中信产业投资基金管理有限公司,510708000002128,绵阳科技城科教创业园区孵化大楼C区,180000 万
中城建第六工程局集团有限公司,340313000002482,安徽省蚌埠市经济开发区东海大道3107号4楼,"60,666万元"
华宝投资有限公司,310115000240161,上海市浦东新区世纪大道100号59层西区,936895.0万人民币
中国航空技术国际控股有限公司,100000000000991,北京市朝阳区北辰东路18号,957864.1714万元人民币
中国南方航空股份有限公司,440000400012565,广东省广州市萝岗区经济技术开发区开发大道233号203房,981756.7万人民币元
,,,
,,,
,,,
,,,
,,,
,,,
,,,
,,,
,,,
,,,
,,,
,,,
,,,
,,,
,,,
,,,
,,,
,,,
,,,
,,,
,,,
,,,
,,,
,,,
,,,
,,,
,,,
,,,
,,,
,,,
,,,
,,,
,,,
,,,
,,,
,,,
,,,
,,,
,,,
,,,
,,,
,,,
,,,
,,,
,,,
,,,
,,,
,,,
,,,
,,,
,,,
,,,
,,,
,,,
,,,
,,,
,,,
,,,
,,,
,,,
,,,
,,,
,,,
,,,
,,,
,,,
,,,
,,,
,,,
,,,
,,,
,,,
,,,
,,,
,,,
,,,
,,,
,,,
,,,
,,,
,,,
,,,
,,,
,,,
,,,
,,,
,,,
,,,
,,,
,,,
,,,
,,,
,,,
,,,
,,,
,,,
,,,
,,,
,,,
,,,
,,,
,,,
,,,
,,,
,,,
,,,
,,,
,,,
,,,
,,,
,,,
,,,
,,,
,,,
,,,
,,,
,,,
,,,
,,,
,,,
,,,
,,,
,,,
,,,
,,,
,,,
,,,
,,,
,,,
,,,
,,,
,,,
,,,
,,,
,,,
,,,
,,,
,,,
,,,
,,,
,,,
,,,
,,,
,,,
,,,
,,,
,,,
,,,
,,,
,,,
,,,
,,,
,,,
,,,
,,,
,,,
,,,
,,,
,,,
,,,
,,,
,,,
,,,
,,,
,,,
,,,
,,,
,,,
,,,
,,,
,,,
,,,
,,,
,,,
,,,
,,,
,,,
,,,
,,,
,,,
,,,
,,,
,,,
,,,
,,,
,,,
,,,
,,,
,,,
,,,
,,,
,,,
,,,
,,,
,,,
,,,
,,,
,,,
,,,
,,,
,,,
,,,
,,,
,,,
,,,
,,,
,,,
,,,
,,,
,,,
,,,
,,,
,,,
,,,
,,,
,,,
,,,
,,,
,,,
,,,
,,,
,,,
,,,
,,,
,,,
,,,
,,,
,,,
,,,
,,,
,,,
,,,
,,,
,,,
,,,
,,,
,,,
,,,
,,,
,,,
,,,
,,,
,,,
,,,
,,,
,,,
,,,
,,,
,,,
,,,
,,,
,,,
,,,
,,,
,,,
,,,
,,,
,,,
,,,
,,,
,,,
,,,
,,,
,,,
,,,
,,,
,,,
,,,
,,,
,,,
,,,
,,,
,,,
,,,
,,,
,,,
,,,
,,,
,,,
,,,
,,,
,,,
,,,
,,,
,,,
,,,
,,,
,,,
,,,
,,,
,,,
,,,
方兴地产投资管理（上海）有限公司,310000400548581,上海市浦东新区世纪大道88号金茂大厦7层706C室,800.0万美元
包钢综企（集团）共兴冶金粉末有限公司,150200000012486,包钢厂区（包钢劳服公司焊管综合厂院内）,1000万人民币元
阳泉煤业（集团）股份有限公司,140000100081723,山西省阳泉市北大街5号,"240,500万元"
天津市房地产发展（集团）股份有限公司,120000000001594,和平区常德道80号,110570万人民币
上海国际港务（集团）股份有限公司,310000400003970,上海市浦东新区芦潮港镇同汇路1号综合大楼A区4楼,2275517.965万人民币
西安建工（集团）有限责任公司,610100100273128,西安市高新区科创路168号西安电子科技大学科技园D座11-26层,15000 万
北京王府井百货（集团）股份有限公司,110000005013217,北京市东城区王府井大街255号,46276.8088万元
安徽皖江物流（集团）股份有限公司,340000000042587,安徽省芜湖市经济技术开发区内,"288,401.3936万元"
上海海立（集团）股份有限公司,310000400040612,上海市浦东新区金桥出口加工区宁桥路888号,66774.4115万人民币
新疆青松建材化工（集团）股份有限公司,650000040000193,新疆阿克苏地区阿克苏市林园,137879.0086 万
中炬高新技术实业（集团）股份有限公司,440000000000276,中山市中山火炬高技术产业开发区,79663.7194万人民币元
上海嘉宝实业（集团）股份有限公司,310000000031246,嘉定区清河路55号,51430.3802万人民币
黑牡丹（集团）股份有限公司,320400000003727,常州市青洋北路47号,79552.27万元人民币
甘肃亚盛实业（集团）股份有限公司,620000000006706,甘肃省兰州市城关区雁兴路21号14楼,194691.5121万元人民币
重庆市巴南建设（集团）有限公司,500113000036295,重庆市巴南区鱼洞箭河路5号附9号,10023万元人民币
重庆万盛旅业（集团）有限公司,500110000001207,重庆市万盛区勤俭路25号,5931.37万元人民币
重庆市轨道交通（集团）有限公司,500000000002942,重庆市渝中区长江支路25号,288907.41万元人民币
扬州绿色产业投资发展控股（集团）有限责任公司,321000000076010,扬州市江阳中路433号,500000万元人民币
重庆市南州水务（集团）有限公司,500222000008178,重庆市綦江区文龙街道沙溪路22号45幢,50258万元人民币
保定天威集团（江苏）五洲变压器有限公司,320582000034350,张家港经济开发区（杨舍镇旺西村）,10000万元人民币
重庆新禹投资（集团）有限公司,500900000001141,重庆市黔江区行署街768号民警新村宿舍A栋2楼1号,30000万元人民币
深圳市振业（集团）股份有限公司,440301103341062,深圳市罗湖区宝安南路2014号振业大厦B座11-17层,134999.5046万元人民币
重庆对外经贸（集团）有限公司,500000000001757,重庆市北部新区高新园星光大道80号,300000万元人民币
北京首都开发控股（集团）有限公司,110000009067358,北京市西城区三里河三区52号楼,133000万元
酉阳县桃花源旅游投资（集团）有限公司,500242000002220,重庆市酉阳县钟多镇桃花源大道桃源金水岸,45080万元人民币
新疆新业国有资产经营（集团）有限责任公司,650000030000331,新疆乌鲁木齐市天山解放北路339号酒花大厦14楼,30000 万
常州市城市建设（集团）有限公司,320400000002847,劳动西路12号金谷大厦21层,100000万元人民币
绵阳市投资控股（集团）有限公司,510700000015678,绵阳市滨江西路南段22号（嘉来华庭3楼）,85000 万元人民币
绵阳科技城发展投资（集团）有限公司,510708000001914,绵阳科教创业园区,70069.1087 万元人民币
重庆市黔江区城市建设投资（集团）有限公司,500900000002714,重庆市黔江区城西办事处西山步行街749号,262000万元人民币
遵义红色旅游（集团）有限公司,520300000014064,贵州省遵义市红花岗区子尹路９６号,20350万元人民币
焦作市建设投资（控股）有限公司,410800000003226,焦作市焦东南路5号,"200,000万元"
眉山发展（控股）有限责任公司,511400000015300,眉山市眉州大道东2段5号（眉山市国土资源局内）,73290.165 万
上海城开（集团）有限公司,310000000043933,上海市徐汇区虹桥路3号港汇中心二座42楼,320000.0万人民币
金地（集团）股份有限公司,440301103379518,深圳市福田区福强路金地商业大楼,449960.9872万元人民币
华锐风电科技（集团）股份有限公司,110000009320573,北京市海淀区中关村大街59号文化大厦19层,402040万元人民币
长江精工钢结构（集团）股份有限公司,340000000022295,安徽省六安市经济技术开发区长江精工工业园,"151,044.52万元"
力帆实业（集团）股份有限公司,500000400026769,重庆市沙坪坝区上桥张家湾60号,125635.3379万元人民币
上海复星医药（集团）股份有限公司,310000000036602,曹杨路510号9楼,231138.0364万人民币
昆明旅游服务（集团）有限公司,530100000003763,昆明市东郊路8号,15075.291万人民币
润百计算机（上海）有限公司,310115400191261,上海市浦东新区杨高北路528号14幢123室,1250.0万美元
重庆市福星门业（集团）有限公司,500107000018385,重庆市九龙坡区马王乡龙泉村129号,10000万元人民币
乐视网信息技术（北京）股份有限公司,110000007760467,北京市海淀区学院南路68号19号楼六层6184号房间,84119.0063万元人民币
中恒通（福建）机械制造有限公司,350824100002276,武平县十方工业集中区A3、A21、A22厂房,6300.0万人民币
山东物流集团（青岛）有限公司,370220228000808,青岛保税区莫斯科路40号办公楼216室,36000万元人民币
德天御生态科技（北京）有限公司,110106001610302,北京市海淀区体院西路甲2号10号楼2层230室,5500万元人民币
重庆渝宏公路工程（集团）有限责任公司,500000000004850,重庆市沙坪坝区朝阳山68号,13006万元人民币
重庆升厦建设（集团）有限公司,500382000012756,重庆市合川区南办处上什字东路208号,5056万元人民币
志诚动力科技（杭州）有限公司,330100400016037,杭州经济技术开发区经十路19号,9386.4953万元人民币
博瑞生物医药技术（苏州）有限公司,320500400009878,苏州工业园区星湖街218号纳米科技园C25栋,17.6229万美元
派芬自控（上海）股份有限公司,310110000320143,上海市杨浦区国定路323号702-60室,1004.0万人民币
黑乳（北京）商贸有限公司,110106003391782,北京市朝阳区工人体育场东路甲2号12层1201内1205室,2000万元
武汉医药（集团）股份有限公司,420100000094164,武汉市江岸区花桥街黄孝河路47号武汉交通信息中心大楼17-18楼,"3,597.71万人民币元"
濮阳濮耐高温材料（集团）股份有限公司,410900100000342,河南省濮阳县西环路中段,"89,005.9161万元"
冠科（福建）电子科技实业有限公司,350500400013970,晋江市罗山街道后林社区,1188.0万美元
东君乳业（禹城）有限公司,371400400000937,禹城市高新技术开发区,1500万人民币
宜华企业（集团）有限公司,440583000009060,广东省汕头市澄海区莲下镇大坪工业区,100000万人民币元
上海大众公用事业（集团）股份有限公司,310000000008037,中国（上海）自由贸易试验区浦东新区商城路518号,246730.4675万人民币
花样年集团（中国）有限公司,440301503254932,深圳市福田区深南大道南泰然九路西喜年中心A座2801房,162484.35万元人民币
骏浩科技（中国）有限公司,321181400004812,江苏省丹阳市云阳镇永兴路,4000万美元
华珠（泉州）鞋业有限公司,350500400023369,泉州市清蒙科技工业区,1050.0万港币
丰田通商（上海）有限公司,310115400025643,中国（上海）自由贸易试验区美桂北路378号38号楼C部位,400.0万美元
优必胜（上海）精密轴承制造有限公司,310000400523006,上海市闵行区马桥镇光华路2118号,800.0万美元
凡登（常州）新型金属材料技术有限公司,320400400024509,金坛市金西开发区鹏程路66号,1850万美元
泰凌医药（江苏）有限公司,321200400012634,泰州市药城大道1号8号楼402室,27660万人民币
顺风光电投资（中国）有限公司,320000400005739,江苏省武进高新技术产业开发区阳湖路99号,65800万美元
复地（集团）股份有限公司,310000400200534,上海市普陀区曹杨路510号9楼,50586.1237万人民币
环球石材（福建）有限公司,350500400007615,福建省南安市水头镇福山二期项目区,2200.0万美元
圣欧芳纶（江苏）股份有限公司,320584400012437,江苏省吴江市松陵镇八坼社区友谊村11组,19737.3573万人民币
保利协鑫（苏州）新能源有限公司,320000400004133,江苏省苏州工业园区华池街时代广场24幢1901,404000万人民币
保利房地产（集团）股份有限公司,440101000010262,广州市海珠区阅江中路688号保利国际广场30-33层,1073377.531700万元人民币
中化国际（控股）股份有限公司,310000000066961,上海市浦东新区世纪大道88号金茂大厦三区十八层,208301.2671万人民币
中粮地产（集团）股份有限公司,440301103197805,深圳市宝安区新城二区湖滨路,181373.1596万元人民币
飞亚达（集团）股份有限公司,440301103196089,深圳市南山区高新南一道飞亚达科技大厦,39276.787万元人民币
中粮生物化学（安徽）股份有限公司,340000000001255,安徽省蚌埠市中粮大道1号,"96,441.1115万人民币元"
